key,en,zh_TW,zh_CN,ja,ko,fr,de,it,ru,es_ES,pt_BR
result.bond_level_up,Bond Level Up: Lv.{level},羈絆等級提升：Lv.{level},,,,,,,,,
language.en,English,英文,,,,,,,,,
language.zh_TW,Traditional Chinese,繁體中文,,,,,,,,,
language.zh_CN,Simplified Chinese,簡體中文,,,,,,,,,
language.ja,Japanese,日本語,,,,,,,,,
language.ko,Korean,한국어,,,,,,,,,
language.fr,French,Français,,,,,,,,,
language.de,German,Deutsch,,,,,,,,,
language.it,Italian,Italiano,,,,,,,,,
language.ru,Russian,Русский,,,,,,,,,
language.es_ES,Spanish - Spain,西班牙文-西班牙,,,,,,,,,
language.pt_BR,Portuguese - Brazil,葡萄牙文-巴西,,,,,,,,,
option.button,OP,選項,,,,,,,,,
option.title,Options,選項,,,,,,,,,
option.language,Language,語言,,,,,,,,,
option.break_media,Break Video,休息影片,,,,,,,,,
top.focus_points,Focus Points,專注點數,,,,,,,,,
top.focus_level,Focus Level,專注等級,,,,,,,,,
top.gold_tokens,Gold Tokens,金代幣,,,,,,,,,
top.bond,Bond,羈絆,,,,,,,,,
top.unlocks,Unlocks,解鎖,,,,,,,,,
top.stats,Stats,統計,,,,,,,,,
tasks.title,Tasks,任務,,,,,,,,,
tasks.add,Add task,新增任務,,,,,,,,,
tasks.default_title,Type Here,在此輸入,,,,,,,,,
tasks.untitled,Untitled,未命名,,,,,,,,,
tasks.archive,Archive task,封存任務,,,,,,,,,
timer.focus,Focus,專注,,,,,,,,,
timer.short_break,Short Break,短休息,,,,,,,,,
timer.break_label,Break {time},休息 {time},,,,,,,,,
timer.start,Start,開始,,,,,,,,,
timer.pause,Pause,暫停,,,,,,,,,
timer.resume,Resume,繼續,,,,,,,,,
timer.reset,Reset,重置,,,,,,,,,
timer.settings,Settings,設定,,,,,,,,,
timer.state_idle,Idle,待機,,,,,,,,,
timer.state_running,Running,進行中,,,,,,,,,
timer.state_paused,Paused,已暫停,,,,,,,,,
timer.state_completed,Completed,已完成,,,,,,,,,
timer.state_partial,Partial,部分完成,,,,,,,,,
timer.state_abandoned,Abandoned,已放棄,,,,,,,,,
timer.message_focus,Keep the fare moving.,這趟車繼續往前開。,,,,,,,,,
timer.message_resume,Back on route,回到路線上。,,,,,,,,,
timer.message_pause,Parked for a moment,先臨停一下。,,,,,,,,,
timer.message_break,Pulling into a quiet stop.,開進安靜的休息站。,,,,,,,,,
timer.message_session_logged,Fare logged.,這趟車資紀錄好了。,,,,,,,,,
settings.title,Timer Settings,番茄鐘設定,,,,,,,,,
settings.focus_duration,Focus duration,專注時間,,,,,,,,,
settings.break_duration,Break duration,休息時間,,,,,,,,,
settings.auto_restart,Auto restart,自動重新開始,,,,,,,,,
settings.alarm,Alarm,提示音,,,,,,,,,
settings.on,on,開,,,,,,,,,
settings.off,off,關,,,,,,,,,
result.title,Session Result,專注結果,,,,,,,,,
result.mark_task_done,Mark Task Done,標記任務完成,,,,,,,,,
result.start_break,Start Break,開始休息,,,,,,,,,
result.no_reward,No reward. Session was below the reward threshold.,沒有獎勵。專注時間未達獎勵門檻。,,,,,,,,,
result.reward_summary,+{focus_points} Focus Points  +{xp} XP  +{bond} Bond,+{focus_points} 專注點數  +{xp} 經驗  +{bond} 羈絆,,,,,,,,,
result.task_bonus,Task bonus: +{focus_points} Focus Points  +{xp} XP,任務獎勵：+{focus_points} 專注點數  +{xp} 經驗,,,,,,,,,
companion.break_title,Rest Stop,休息站,,,,,,,,,
companion.next,Next,下一句,,,,,,,,,
companion.skip,Skip,略過,,,,,,,,,
companion.dismiss,Close,關閉,,,,,,,,,
dialogue.break_001,休息時間到了，肩膀放鬆一點。,休息時間到了，肩膀放鬆一點。,,,,,,,,,
dialogue.break_002,做得不錯，先靠著椅背吧。,做得不錯，先靠著椅背吧。,,,,,,,,,
dialogue.break_003,這段路結束了，喘口氣吧。,這段路結束了，喘口氣吧。,,,,,,,,,
dialogue.break_004,休息一下，別把自己逼太緊。,休息一下，別把自己逼太緊。,,,,,,,,,
dialogue.break_005,乖，這幾分鐘只准想我。,乖，這幾分鐘只准想我。,,,,,,,,,
dialogue.break_006,放鬆點，我會陪你慢慢喘息。,放鬆點，我會陪你慢慢喘息。,,,,,,,,,
dialogue.break_007,You stayed in the seat for this whole ride. I like that.,這趟你一路坐穩了。我挺喜歡。,,,,,,,,,
dialogue.break_008,Let the cab idle in the dark a little longer.,讓車在夜色裡多怠速一會兒。,,,,,,,,,
dialogue.break_009,A short stop makes the next pickup smoother.,短暫停靠一下，下一趟載客會更順。,,,,,,,,,
dialogue.break_010,Stand up if you can. Even night drivers need to reset their backs.,可以的話站起來。夜班司機也得讓背重新歸位。,,,,,,,,,
dialogue.break_011,Daylight is still on the windshield. Take it in passenger.,日光還停在擋風玻璃上。乘客，感受一下吧。,,,,,,,,,
dialogue.break_012,Sunset makes every route softer. We can slow down with it.,夕陽讓每條路都變柔。可以跟著慢一點。,,,,,,,,,
dialogue.break_013,Late route tonight. Keep this stop gentle.,今晚是深夜路線。這次停靠就放輕一點。,,,,,,,,,
dialogue.break_014,Rain on the glass makes a fine little rest stop.,雨打在玻璃上，剛好適合當休息站。,,,,,,,,,
dialogue.break_015,That was a steady fare. This driver noticed.,剛才那趟很穩。本司機有注意到。,,,,,,,,,
dialogue.break_016,You are learning how to get back in the cab faster.,你越來越會回到車上了。,,,,,,,,,
dialogue.break_017,Rest your eyes. I will watch the road and the shadows.,休息眼睛吧。我會看著路，也看著影子。,,,,,,,,,
dialogue.break_018,No need to rush back. The next passenger can wait one more minute.,不用急著回來。下一位乘客可以再等一分鐘。,,,,,,,,,
dialogue.break_019,Rough ride still counts. You got in and stayed with me.,路不好開也算一趟。你上車了，也陪我開完了。,,,,,,,,,
dialogue.break_020,That route felt good. Let the afterglow settle before the next pickup.,剛才那條路很順。讓餘韻沉一下再接下一趟。,,,,,,,,,
dialogue.break_fallback,休息時間到了，肩膀放鬆一點。,休息時間到了，肩膀放鬆一點。,,,,,,,,,
dialogue.ambient_001,車還在開，你卻開始發呆了？,車還在開，你卻開始發呆了？,,,,,,,,,
dialogue.ambient_002,後座太舒服，也不能睡過頭喔。,後座太舒服，也不能睡過頭喔。,,,,,,,,,
dialogue.ambient_003,偷懶的表情，我可是看得見。,偷懶的表情，我可是看得見。,,,,,,,,,
dialogue.ambient_004,怎麼停住了？在想我嗎？,怎麼停住了？在想我嗎？,,,,,,,,,
dialogue.ambient_005,不專心的樣子，有點可愛呢。,不專心的樣子，有點可愛呢。,,,,,,,,,
dialogue.ambient_006,你的視線，剛剛飄去哪了？,你的視線，剛剛飄去哪了？,,,,,,,,,
dialogue.ambient_007,要我提醒你，還是誘惑你？,要我提醒你，還是誘惑你？,,,,,,,,,
dialogue.ambient_008,看著我，接下來只准專心。,看著我，接下來只准專心。,,,,,,,,,
dialogue.ambient_fallback,車還在開，你卻開始發呆了？,車還在開，你卻開始發呆了？,,,,,,,,,
music.title,Music,音樂,,,,,,,,,
music.list,Music list,音樂清單,,,,,,,,,
music.no_music_loaded,No music loaded,尚未載入音樂,,,,,,,,,
music.add_files,Add .ogg .mp3 or .wav files to res://assets/music,請將 .ogg .mp3 或 .wav 檔放到 res://assets/music,,,,,,,,,
music.no_files,No music files found.,找不到音樂檔。,,,,,,,,,
music.previous,Previous,上一首,,,,,,,,,
music.play,Play,播放,,,,,,,,,
music.pause,Pause,暫停,,,,,,,,,
music.next,Next,下一首,,,,,,,,,
music.loop,Loop,循環,,,,,,,,,
music.loop_on,Loop on,循環開啟,,,,,,,,,
music.loop_off,Loop off,循環關閉,,,,,,,,,
music.ambience,Ambience,環境音,,,,,,,,,
music.fullscreen_enter,Borderless fullscreen,無邊框全螢幕,,,,,,,,,
music.fullscreen_exit,Restore window,還原視窗,,,,,,,,,
stats.completed,Completed,完成,,,,,,,,,
stats.partial,Partial,部分完成,,,,,,,,,
stats.focus_minutes,Focus minutes,專注分鐘,,,,,,,,,
stats.tasks_done,Tasks done,完成任務,,,,,,,,,
option.ambient_prompt,Ambient Prompt,陪伴提示,,,,,,,,,
option.ambient_low,Low,低頻率,,,,,,,,,
option.ambient_normal,Normal,一般,,,,,,,,,
store.title,Store,商店,,,,,,,,,
store.confirm_title,Confirm Purchase,確認購買,,,,,,,,,
store.buy,Buy,購買,,,,,,,,,
store.cancel,Cancel,取消,,,,,,,,,
store.cost,{focus_points} Focus Points,{focus_points} 專注點數,,,,,,,,,
store.unlocked,Unlocked,已解鎖,,,,,,,,,
store.no_items,No unlocks available.,目前沒有可解鎖項目。,,,,,,,,,
store.purchase_confirm,Purchase {name} for {focus_points} Focus Points?,要花費 {focus_points} 專注點數購買 {name} 嗎？,,,,,,,,,
store.purchase_success,Unlocked.,已解鎖。,,,,,,,,,
store.insufficient,Need {focus_points} Focus Points.,需要 {focus_points} 專注點數。,,,,,,,,,
store.already_unlocked,Already unlocked.,已經解鎖。,,,,,,,,,
store.purchase_failed,Purchase failed.,購買失敗。,,,,,,,,,
content.bg_normal_day,Normal Day,一般白天,,,,,,,,,
content.bg_normal_night,Normal Night,一般夜晚,,,,,,,,,
content.bg_normal_sunfall,Normal Sunset,一般黃昏,,,,,,,,,
content.bg_normal_cloudy,Normal Cloudy,一般陰天,,,,,,,,,
content.bg_good_day,Good Day,良好白天,,,,,,,,,
content.bg_good_night,Good Night,良好夜晚,,,,,,,,,
content.bg_good_sunfall,Good Sunset,良好黃昏,,,,,,,,,
content.bg_troubled_day,Troubled Day,低落白天,,,,,,,,,
content.bg_troubled_night,Troubled Night,低落夜晚,,,,,,,,,
content.bg_troubled_sunfall,Troubled Sunset,低落黃昏,,,,,,,,,
content.room_bg_01,Room Background 01,房間背景 01,,,,,,,,,
content.room_bg_02,Room Background 02,房間背景 02,,,,,,,,,
background_menu.title,Background,背景,,,,,,,,,
background_menu.lofi,Lofi,Lo-fi,,,,,,,,,
background_menu.room_01,Background 01,背景 01,,,,,,,,,
background_menu.room_02,Background 02,背景 02,,,,,,,,,
background_menu.locked,Locked,未解鎖,,,,,,,,,
result.focus_duration,Focus duration: {minutes} min,專注設定：{minutes} 分鐘,,,,,,,,,
result.actual_duration,Actual duration: {minutes} min,實際時間：{minutes} 分鐘,,,,,,,,,
result.rewards,Rewards: {summary},獎勵：{summary},,,,,,,,,
result.bond_level_up_line,Bond: {summary},羈絆：{summary},,,,,,,,,
result.next_action,Next: {action},下一步：{action},,,,,,,,,
result.next_action_break,Pull into a rest stop.,開進休息站。,,,,,,,,,
result.next_action_retry,Reset the meter and take another fare.,重設跳錶再接下一趟。,,,,,,,,,
option.ambient_off,Off,關閉,,,,,,,,,
avg.gallery.title,Dialogue Gallery,回憶,,,,,,,,,
avg.gallery.empty,No dialogues available.,No dialogues available.,,,,,,,,,
avg.gallery.locked,Locked,尚未解鎖,,,,,,,,,
avg.prompt,Click Next to continue.,Click Next to continue.,,,,,,,,,
avg.next,Next,Next,,,,,,,,,
avg.finish,Finish,Finish,,,,,,,,,
avg.close,Close,Close,,,,,,,,,
avg.speaker.companion,Night Driver,夜班司機,,,,,,,,,
avg.dialogue.intro_001.name,First Night Fare,第一趟夜車,,,,,,,,,
avg.dialogue.intro_001.line_001,My cab is ready when you are passenger.,乘客，等你準備好我的車就發動。,,,,,,,,,
avg.dialogue.intro_001.line_002,The city lights change slowly. Let this fare begin the same way.,城市燈光慢慢變換。這趟車也照這個節奏開始。,,,,,,,,,
avg.dialogue.break_001.name,Quiet Rest Stop,安靜休息站,,,,,,,,,
avg.dialogue.break_001.line_001,You finished a fare. Rest before you spend the next one.,你跑完一趟了。接下一趟前先休息。,,,,,,,,,
avg.dialogue.break_001.line_002,I will keep the cab warm until you return.,我會讓車廂保持溫暖等你回來。,,,,,,,,,
avg.dialogue.focus_001.name,Back On Route,回到路線,,,,,,,,,
avg.dialogue.focus_001.line_001,The cab is still here. The next route can be shorter than it looks.,車還在這裡。下一條路可能比看起來短。,,,,,,,,,
avg.dialogue.focus_001.line_002,If the night feels heavy start with one clean block.,如果夜色太重，就先開完一個乾淨街區。,,,,,,,,,
dialogue.ambient_009,這段時間，把你交給我吧。,這段時間，把你交給我吧。,,,,,,,,,
dialogue.ambient_010,乖乖完成，我會好好獎勵你。,乖乖完成，我會好好獎勵你。,,,,,,,,,
dialogue.ambient_011,別分心，我會一直盯著你。,別分心，我會一直盯著你。,,,,,,,,,
dialogue.ambient_012,行程開始，注意力交給我保管。,行程開始，注意力交給我保管。,,,,,,,,,
dialogue.ambient_013,目標已設定，別讓我失望。,目標已設定，別讓我失望。,,,,,,,,,
room.room_01.name,Room,房間,,,,,,,,,
passenger.passenger_a.name,溫吞的年輕人(測試),溫吞的年輕人(測試),,,,,,,,,
passenger.passenger_a.short_label,乘客A,乘客A,,,,,,,,,
passenger.passenger_b.name,看起來霸氣的人(測試),看起來霸氣的人(測試),,,,,,,,,
passenger.passenger_b.short_label,乘客B,乘客B,,,,,,,,,
passenger.passenger_c.name,中性打扮的警官(測試),中性打扮的警官(測試),,,,,,,,,
passenger.passenger_c.short_label,乘客C,乘客C,,,,,,,,,
passenger.passenger_d.name,健碩的男子(測試),健碩的男子(測試),,,,,,,,,
passenger.passenger_d.short_label,乘客D,乘客D,,,,,,,,,
passenger.passenger_a.first_boarding.01,不好意思，我還在跟公司通話……請、請直接開到目的地就好。,不好意思，我還在跟公司通話……請、請直接開到目的地就好。,,,,,,,,,
passenger.passenger_a.repeat_boarding.01,又是妳啊……拜託，今天讓我安靜一點到家就好。,又是妳啊……拜託，今天讓我安靜一點到家就好。,,,,,,,,,
passenger.passenger_a.success.01,不行……我剛剛差點在電話裡露出破綻。,不行……我剛剛差點在電話裡露出破綻。,,,,,,,,,
passenger.passenger_a.failed.01,夠了，我真的還在工作，不要再繼續了。,夠了，我真的還在工作，不要再繼續了。,,,,,,,,,
passenger.passenger_a.normal_end.01,總算到了……今天這趟車，比我想像中還累。,總算到了……今天這趟車，比我想像中還累。,,,,,,,,,
passenger.passenger_a.repeat_boarding.02,我現在真的不能分心，電話那邊還沒結束。,我現在真的不能分心，電話那邊還沒結束。,,,,,,,,,
passenger.passenger_a.success.02,妳到底是怎麼做到的……我明明一直在忍。,妳到底是怎麼做到的……我明明一直在忍。,,,,,,,,,
passenger.passenger_a.failed.02,妳這樣太危險了，我沒辦法再坐下去。,妳這樣太危險了，我沒辦法再坐下去。,,,,,,,,,
passenger.passenger_a.normal_end.02,謝謝。雖然有點分心，但至少沒有出事。,謝謝。雖然有點分心，但至少沒有出事。,,,,,,,,,
passenger.passenger_a.repeat_boarding.03,看到妳開車，我反而有點不安了……上次那種感覺還沒忘掉。,看到妳開車，我反而有點不安了……上次那種感覺還沒忘掉。,,,,,,,,,
passenger.passenger_a.success.03,拜託，先別讓我下車……我現在還沒辦法像平常一樣說話。,拜託，先別讓我下車……我現在還沒辦法像平常一樣說話。,,,,,,,,,
passenger.passenger_a.failed.03,停車。我現在需要下車冷靜一下。,停車。我現在需要下車冷靜一下。,,,,,,,,,
passenger.passenger_a.normal_end.03,下次如果又是妳……我會考慮先掛電話再上車。,下次如果又是妳……我會考慮先掛電話再上車。,,,,,,,,,
passenger.passenger_d.first_boarding.01,麻煩開穩一點。我太太在家等我，我不想耽誤太久。,麻煩開穩一點。我太太在家等我，我不想耽誤太久。,,,,,,,,,
passenger.passenger_d.repeat_boarding.01,又是妳……上次那趟車，我回去後想了很久。,又是妳……上次那趟車，我回去後想了很久。,,,,,,,,,
passenger.passenger_d.success.01,我明明一直提醒自己不能越線……為什麼還是輸了？,我明明一直提醒自己不能越線……為什麼還是輸了？,,,,,,,,,
passenger.passenger_d.failed.01,夠了。妳再說下去，就是不尊重我和我的家庭。,夠了。妳再說下去，就是不尊重我和我的家庭。,,,,,,,,,
passenger.passenger_d.normal_end.01,到了就好。雖然有點危險，但我還清醒。,到了就好。雖然有點危險，但我還清醒。,,,,,,,,,
passenger.passenger_d.repeat_boarding.02,我先說好，今天我只是搭車，其他什麼都不會發生。,我先說好，今天我只是搭車，其他什麼都不會發生。,,,,,,,,,
passenger.passenger_d.success.02,妳不是靠力氣贏的，是讓我自己先動搖了。,妳不是靠力氣贏的，是讓我自己先動搖了。,,,,,,,,,
passenger.passenger_d.failed.02,我不該上這台車。停車吧。,我不該上這台車。停車吧。,,,,,,,,,
passenger.passenger_d.normal_end.02,妳很會說話，不過我不會每次都被影響。,妳很會說話，不過我不會每次都被影響。,,,,,,,,,
passenger.passenger_d.repeat_boarding.03,妳別用那種眼神看我。我不是那種會輕易動搖的人。,妳別用那種眼神看我。我不是那種會輕易動搖的人。,,,,,,,,,
passenger.passenger_d.success.03,別再問我忠不忠誠了……我現在回答不出來。,別再問我忠不忠誠了……我現在回答不出來。,,,,,,,,,
passenger.passenger_d.failed.03,妳把誘惑當遊戲，但我不是可以隨便測試的人。,妳把誘惑當遊戲，但我不是可以隨便測試的人。,,,,,,,,,
passenger.passenger_d.normal_end.03,下次……算了，最好不要再有下次。,下次……算了，最好不要再有下次。,,,,,,,,,
passenger.passenger_b.first_boarding.01,開車。路線我會看著，別試圖用那些廉價話術取悅我。,開車。路線我會看著，別試圖用那些廉價話術取悅我。,,,,,,,,,
passenger.passenger_b.repeat_boarding.01,又是妳？看來今晚的路程不會太無聊。,又是妳？看來今晚的路程不會太無聊。,,,,,,,,,
passenger.passenger_b.success.01,很好，妳終於把真正的我引出來了。,很好，妳終於把真正的我引出來了。,,,,,,,,,
passenger.passenger_b.failed.01,無趣。妳的挑釁只有表面，沒有牙齒。,無趣。妳的挑釁只有表面，沒有牙齒。,,,,,,,,,
passenger.passenger_b.normal_end.01,今晚算妳沒失分，但也沒有讓我盡興。,今晚算妳沒失分，但也沒有讓我盡興。,,,,,,,,,
passenger.passenger_b.repeat_boarding.02,上次妳以為自己掌控了局面，結果如何，還記得嗎？,上次妳以為自己掌控了局面，結果如何，還記得嗎？,,,,,,,,,
passenger.passenger_b.success.02,獵人和獵物的位置，現在該重新分配了。,獵人和獵物的位置，現在該重新分配了。,,,,,,,,,
passenger.passenger_b.failed.02,我不喜歡被浪費時間。停車。,我不喜歡被浪費時間。停車。,,,,,,,,,
passenger.passenger_b.normal_end.02,妳的眼神有趣，可惜膽子還不夠。,妳的眼神有趣，可惜膽子還不夠。,,,,,,,,,
passenger.passenger_b.repeat_boarding.03,我今天心情不錯。妳可以試著再挑釁我一次。,我今天心情不錯。妳可以試著再挑釁我一次。,,,,,,,,,
passenger.passenger_b.success.03,別急著求饒。這不是妳想要的結果嗎？,別急著求饒。這不是妳想要的結果嗎？,,,,,,,,,
passenger.passenger_b.failed.03,妳還沒資格碰我的本性。,妳還沒資格碰我的本性。,,,,,,,,,
passenger.passenger_b.normal_end.03,下次再見時，希望妳準備好被反咬一口。,下次再見時，希望妳準備好被反咬一口。,,,,,,,,,
passenger.passenger_c.first_boarding.01,麻煩送我到這個地址。今天值勤有點久，我想安靜一下。,麻煩送我到這個地址。今天值勤有點久，我想安靜一下。,,,,,,,,,
passenger.passenger_c.repeat_boarding.01,又見面了。上次那趟車……我回去後有點睡不著。,又見面了。上次那趟車……我回去後有點睡不著。,,,,,,,,,
passenger.passenger_c.success.01,原來……不用一直撐著，也不會壞掉。,原來……不用一直撐著，也不會壞掉。,,,,,,,,,
passenger.passenger_c.failed.01,抱歉，這讓我不舒服。我需要停在這裡。,抱歉，這讓我不舒服。我需要停在這裡。,,,,,,,,,
passenger.passenger_c.normal_end.01,謝謝。至少這趟路讓我稍微喘過氣了。,謝謝。至少這趟路讓我稍微喘過氣了。,,,,,,,,,
passenger.passenger_c.repeat_boarding.02,妳總是能看出我不想讓人看見的地方。,妳總是能看出我不想讓人看見的地方。,,,,,,,,,
passenger.passenger_c.success.02,妳沒有逼我，是我自己想再靠近一點。,妳沒有逼我，是我自己想再靠近一點。,,,,,,,,,
passenger.passenger_c.failed.02,我還沒準備好，請不要再推進了。,我還沒準備好，請不要再推進了。,,,,,,,,,
passenger.passenger_c.normal_end.02,妳很會讓人放鬆，但我還需要一點時間。,妳很會讓人放鬆，但我還需要一點時間。,,,,,,,,,
passenger.passenger_c.repeat_boarding.03,今天如果我又太緊繃，妳會提醒我嗎？,今天如果我又太緊繃，妳會提醒我嗎？,,,,,,,,,
passenger.passenger_c.success.03,我好像第一次知道，放鬆也可以這麼讓人害怕。,我好像第一次知道，放鬆也可以這麼讓人害怕。,,,,,,,,,
passenger.passenger_c.failed.03,妳看穿我，和逼我承認，是兩回事。,妳看穿我，和逼我承認，是兩回事。,,,,,,,,,
passenger.passenger_c.normal_end.03,如果還有下次……我希望自己能更坦率一點。,如果還有下次……我希望自己能更坦率一點。,,,,,,,,,
quiz.passenger_a.low.q01.stem,社畜一邊聽電話，一邊皺眉。,社畜一邊聽電話，一邊皺眉。,,,,,,,,,
quiz.passenger_a.low.q01.option_a.text,電話那頭的人，從上車開始就沒停過吧？,電話那頭的人，從上車開始就沒停過吧？,,,,,,,,,
quiz.passenger_a.low.q01.option_a.response,……妳聽得出來？,……妳聽得出來？,,,,,,,,,
quiz.passenger_a.low.q01.option_b.text,你回話很冷靜，但臉色很糟。,你回話很冷靜，但臉色很糟。,,,,,,,,,
quiz.passenger_a.low.q01.option_b.response,我只是太累了。,我只是太累了。,,,,,,,,,
quiz.passenger_a.low.q01.option_c.text,你老闆是不是很煩？,你老闆是不是很煩？,,,,,,,,,
quiz.passenger_a.low.q01.option_c.response,別這樣說。,別這樣說。,,,,,,,,,
quiz.passenger_a.low.q02.stem,他低聲說「是，我明白」但手指攥緊。,他低聲說「是，我明白」但手指攥緊。,,,,,,,,,
quiz.passenger_a.low.q02.option_a.text,被罵成這樣還能正常回話，挺能忍的。,被罵成這樣還能正常回話，挺能忍的。,,,,,,,,,
quiz.passenger_a.low.q02.option_a.response,別說了，我正在努力。,別說了，我正在努力。,,,,,,,,,
quiz.passenger_a.low.q02.option_b.text,你是不是已經快掛不住笑了？,你是不是已經快掛不住笑了？,,,,,,,,,
quiz.passenger_a.low.q02.option_b.response,……我沒有笑。,……我沒有笑。,,,,,,,,,
quiz.passenger_a.low.q02.option_c.text,乾脆掛電話吧。,乾脆掛電話吧。,,,,,,,,,
quiz.passenger_a.low.q02.option_c.response,不行，現在不能。,不行，現在不能。,,,,,,,,,
quiz.passenger_a.low.q03.stem,「妳一直看後照鏡，是在看我嗎？」,「妳一直看後照鏡，是在看我嗎？」,,,,,,,,,
quiz.passenger_a.low.q03.option_a.text,我在確認你還撐不撐得住。,我在確認你還撐不撐得住。,,,,,,,,,
quiz.passenger_a.low.q03.option_a.response,這種確認很煩人。,這種確認很煩人。,,,,,,,,,
quiz.passenger_a.low.q03.option_b.text,你忍耐的樣子太明顯了。,你忍耐的樣子太明顯了。,,,,,,,,,
quiz.passenger_a.low.q03.option_b.response,……別說出來。,……別說出來。,,,,,,,,,
quiz.passenger_a.low.q03.option_c.text,只是職業習慣。,只是職業習慣。,,,,,,,,,
quiz.passenger_a.low.q03.option_c.response,那就好。,那就好。,,,,,,,,,
quiz.passenger_a.low.q04.stem,電話那頭似乎又提高音量。,電話那頭似乎又提高音量。,,,,,,,,,
quiz.passenger_a.low.q04.option_a.text,你其實不是怕老闆，是怕自己撐不住吧？,你其實不是怕老闆，是怕自己撐不住吧？,,,,,,,,,
quiz.passenger_a.low.q04.option_a.response,妳少亂說。,妳少亂說。,,,,,,,,,
quiz.passenger_a.low.q04.option_b.text,要不要我開穩一點，讓你專心挨罵？,要不要我開穩一點，讓你專心挨罵？,,,,,,,,,
quiz.passenger_a.low.q04.option_b.response,妳講話真難聽。,妳講話真難聽。,,,,,,,,,
quiz.passenger_a.low.q04.option_c.text,工作真的很辛苦呢。,工作真的很辛苦呢。,,,,,,,,,
quiz.passenger_a.low.q04.option_c.response,嗯……是啊。,嗯……是啊。,,,,,,,,,
quiz.passenger_a.low.q05.stem,「我現在沒空聊天，可以嗎？」,「我現在沒空聊天，可以嗎？」,,,,,,,,,
quiz.passenger_a.low.q05.option_a.text,可以，我會讓你用沉默回答。,可以，我會讓你用沉默回答。,,,,,,,,,
quiz.passenger_a.low.q05.option_a.response,……這句話更奇怪。,……這句話更奇怪。,,,,,,,,,
quiz.passenger_a.low.q05.option_b.text,不行，你越忍我越想逗你。,不行，你越忍我越想逗你。,,,,,,,,,
quiz.passenger_a.low.q05.option_b.response,妳很危險。,妳很危險。,,,,,,,,,
quiz.passenger_a.low.q05.option_c.text,當然，我不打擾。,當然，我不打擾。,,,,,,,,,
quiz.passenger_a.low.q05.option_c.response,謝謝。,謝謝。,,,,,,,,,
quiz.passenger_a.low.q06.stem,他努力壓低呼吸聲。,他努力壓低呼吸聲。,,,,,,,,,
quiz.passenger_a.low.q06.option_a.text,你的聲音很穩，但呼吸亂了。,你的聲音很穩，但呼吸亂了。,,,,,,,,,
quiz.passenger_a.low.q06.option_a.response,……妳觀察太細了。,……妳觀察太細了。,,,,,,,,,
quiz.passenger_a.low.q06.option_b.text,電話那頭聽得出來嗎？,電話那頭聽得出來嗎？,,,,,,,,,
quiz.passenger_a.low.q06.option_b.response,不要嚇我。,不要嚇我。,,,,,,,,,
quiz.passenger_a.low.q06.option_c.text,你是不是感冒？,你是不是感冒？,,,,,,,,,
quiz.passenger_a.low.q06.option_c.response,不是。,不是。,,,,,,,,,
quiz.passenger_a.low.q07.stem,他用眼神示意妳安靜。,他用眼神示意妳安靜。,,,,,,,,,
quiz.passenger_a.low.q07.option_a.text,怕我說話，還是怕自己有反應？,怕我說話，還是怕自己有反應？,,,,,,,,,
quiz.passenger_a.low.q07.option_a.response,妳不要亂講。,妳不要亂講。,,,,,,,,,
quiz.passenger_a.low.q07.option_b.text,我安靜，但你要繼續看著前面嗎？,我安靜，但你要繼續看著前面嗎？,,,,,,,,,
quiz.passenger_a.low.q07.option_b.response,我本來就沒看妳。,我本來就沒看妳。,,,,,,,,,
quiz.passenger_a.low.q07.option_c.text,好，我不說。,好，我不說。,,,,,,,,,
quiz.passenger_a.low.q07.option_c.response,嗯。,嗯。,,,,,,,,,
quiz.passenger_a.low.q08.stem,「妳們夜班司機，都這麼會看人？」,「妳們夜班司機，都這麼會看人？」,,,,,,,,,
quiz.passenger_a.low.q08.option_a.text,只看得出你今天快爆炸了。,只看得出你今天快爆炸了。,,,,,,,,,
quiz.passenger_a.low.q08.option_a.response,……差不多。,……差不多。,,,,,,,,,
quiz.passenger_a.low.q08.option_b.text,我比較會看誰在硬撐。,我比較會看誰在硬撐。,,,,,,,,,
quiz.passenger_a.low.q08.option_b.response,妳在說我？,妳在說我？,,,,,,,,,
quiz.passenger_a.low.q08.option_c.text,沒有，只是隨口問。,沒有，只是隨口問。,,,,,,,,,
quiz.passenger_a.low.q08.option_c.response,是嗎。,是嗎。,,,,,,,,,
quiz.passenger_a.low.q09.stem,他被要求重新報告進度。,他被要求重新報告進度。,,,,,,,,,
quiz.passenger_a.low.q09.option_a.text,聲音不要抖喔，他還在聽。,聲音不要抖喔，他還在聽。,,,,,,,,,
quiz.passenger_a.low.q09.option_a.response,妳閉嘴……,妳閉嘴……,,,,,,,,,
quiz.passenger_a.low.q09.option_b.text,你講工作時，比剛剛更緊繃。,你講工作時，比剛剛更緊繃。,,,,,,,,,
quiz.passenger_a.low.q09.option_b.response,因為這很重要。,因為這很重要。,,,,,,,,,
quiz.passenger_a.low.q09.option_c.text,慢慢講，不急。,慢慢講，不急。,,,,,,,,,
quiz.passenger_a.low.q09.option_c.response,謝謝。,謝謝。,,,,,,,,,
quiz.passenger_a.low.q10.stem,他偷看後照鏡。,他偷看後照鏡。,,,,,,,,,
quiz.passenger_a.low.q10.option_a.text,剛剛不是說沒空看我？,剛剛不是說沒空看我？,,,,,,,,,
quiz.passenger_a.low.q10.option_a.response,我沒有看。,我沒有看。,,,,,,,,,
quiz.passenger_a.low.q10.option_b.text,看一眼沒關係，我不會告訴電話那頭。,看一眼沒關係，我不會告訴電話那頭。,,,,,,,,,
quiz.passenger_a.low.q10.option_b.response,妳真的很壞。,妳真的很壞。,,,,,,,,,
quiz.passenger_a.low.q10.option_c.text,目的地快到了。,目的地快到了。,,,,,,,,,
quiz.passenger_a.low.q10.option_c.response,嗯。,嗯。,,,,,,,,,
quiz.passenger_a.mid.q01.stem,他還在電話中。,他還在電話中。,,,,,,,,,
quiz.passenger_a.mid.q01.option_a.text,你現在是在忍老闆，還是在忍我？,你現在是在忍老闆，還是在忍我？,,,,,,,,,
quiz.passenger_a.mid.q01.option_a.response,別在這時候問……,別在這時候問……,,,,,,,,,
quiz.passenger_a.mid.q01.option_b.text,你的聲音越來越低了。,你的聲音越來越低了。,,,,,,,,,
quiz.passenger_a.mid.q01.option_b.response,我怕被聽出來。,我怕被聽出來。,,,,,,,,,
quiz.passenger_a.mid.q01.option_c.text,需要我停車嗎？,需要我停車嗎？,,,,,,,,,
quiz.passenger_a.mid.q01.option_c.response,不、不用。,不、不用。,,,,,,,,,
quiz.passenger_a.mid.q02.stem,「妳是不是故意挑這種時候？」,「妳是不是故意挑這種時候？」,,,,,,,,,
quiz.passenger_a.mid.q02.option_a.text,因為你不能失態的樣子，很有趣。,因為你不能失態的樣子，很有趣。,,,,,,,,,
quiz.passenger_a.mid.q02.option_a.response,妳真的惡劣。,妳真的惡劣。,,,,,,,,,
quiz.passenger_a.mid.q02.option_b.text,因為你現在最誠實。,因為你現在最誠實。,,,,,,,,,
quiz.passenger_a.mid.q02.option_b.response,我哪裡誠實了？,我哪裡誠實了？,,,,,,,,,
quiz.passenger_a.mid.q02.option_c.text,你要我停，我就停。,你要我停，我就停。,,,,,,,,,
quiz.passenger_a.mid.q02.option_c.response,……先不用。,……先不用。,,,,,,,,,
quiz.passenger_a.mid.q03.stem,他開始避免回應妳。,他開始避免回應妳。,,,,,,,,,
quiz.passenger_a.mid.q03.option_a.text,不敢回我？怕電話那頭聽見？,不敢回我？怕電話那頭聽見？,,,,,,,,,
quiz.passenger_a.mid.q03.option_a.response,別逼我。,別逼我。,,,,,,,,,
quiz.passenger_a.mid.q03.option_b.text,你只要點頭，我就知道答案。,你只要點頭，我就知道答案。,,,,,,,,,
quiz.passenger_a.mid.q03.option_b.response,……,……,,,,,,,,,
quiz.passenger_a.mid.q03.option_c.text,專心講電話吧。,專心講電話吧。,,,,,,,,,
quiz.passenger_a.mid.q03.option_c.response,妳突然這樣反而更怪。,妳突然這樣反而更怪。,,,,,,,,,
quiz.passenger_a.mid.q04.stem,老闆要求他明早補資料。,老闆要求他明早補資料。,,,,,,,,,
quiz.passenger_a.mid.q04.option_a.text,他一直壓你，你還要繼續當乖員工？,他一直壓你，你還要繼續當乖員工？,,,,,,,,,
quiz.passenger_a.mid.q04.option_a.response,我沒有選擇。,我沒有選擇。,,,,,,,,,
quiz.passenger_a.mid.q04.option_b.text,你真的很會忍，讓人想看極限在哪。,你真的很會忍，讓人想看極限在哪。,,,,,,,,,
quiz.passenger_a.mid.q04.option_b.response,妳別看。,妳別看。,,,,,,,,,
quiz.passenger_a.mid.q04.option_c.text,職場就是這樣。,職場就是這樣。,,,,,,,,,
quiz.passenger_a.mid.q04.option_c.response,……別說得那麼簡單。,……別說得那麼簡單。,,,,,,,,,
quiz.passenger_a.mid.q05.stem,「我現在不能出聲，妳知道吧？」,「我現在不能出聲，妳知道吧？」,,,,,,,,,
quiz.passenger_a.mid.q05.option_a.text,知道，所以我才壓低聲音。,知道，所以我才壓低聲音。,,,,,,,,,
quiz.passenger_a.mid.q05.option_a.response,更糟了……,更糟了……,,,,,,,,,
quiz.passenger_a.mid.q05.option_b.text,知道，所以你只能用眼神回答。,知道，所以你只能用眼神回答。,,,,,,,,,
quiz.passenger_a.mid.q05.option_b.response,妳太過分了。,妳太過分了。,,,,,,,,,
quiz.passenger_a.mid.q05.option_c.text,那我不說了。,那我不說了。,,,,,,,,,
quiz.passenger_a.mid.q05.option_c.response,……也不是這個意思。,……也不是這個意思。,,,,,,,,,
quiz.passenger_a.mid.q06.stem,車內只剩電話聲和呼吸聲。,車內只剩電話聲和呼吸聲。,,,,,,,,,
quiz.passenger_a.mid.q06.option_a.text,你越安靜，我越知道你在忍。,你越安靜，我越知道你在忍。,,,,,,,,,
quiz.passenger_a.mid.q06.option_a.response,別分析我。,別分析我。,,,,,,,,,
quiz.passenger_a.mid.q06.option_b.text,現在最吵的不是電話，是你的呼吸。,現在最吵的不是電話，是你的呼吸。,,,,,,,,,
quiz.passenger_a.mid.q06.option_b.response,閉嘴……,閉嘴……,,,,,,,,,
quiz.passenger_a.mid.q06.option_c.text,開窗透氣？,開窗透氣？,,,,,,,,,
quiz.passenger_a.mid.q06.option_c.response,不用。,不用。,,,,,,,,,
quiz.passenger_a.mid.q07.stem,他明顯快跟不上電話內容。,他明顯快跟不上電話內容。,,,,,,,,,
quiz.passenger_a.mid.q07.option_a.text,我可以幫你撐完這通電話。,我可以幫你撐完這通電話。,,,,,,,,,
quiz.passenger_a.mid.q07.option_a.response,妳要怎麼幫……,妳要怎麼幫……,,,,,,,,,
quiz.passenger_a.mid.q07.option_b.text,你只要繼續裝正常就好。,你只要繼續裝正常就好。,,,,,,,,,
quiz.passenger_a.mid.q07.option_b.response,妳說得很輕鬆。,妳說得很輕鬆。,,,,,,,,,
quiz.passenger_a.mid.q07.option_c.text,我看你還是掛掉吧。,我看你還是掛掉吧。,,,,,,,,,
quiz.passenger_a.mid.q07.option_c.response,不行。,不行。,,,,,,,,,
quiz.passenger_a.mid.q08.stem,「如果我真的露餡，妳會負責嗎？」,「如果我真的露餡，妳會負責嗎？」,,,,,,,,,
quiz.passenger_a.mid.q08.option_a.text,我會讓你看起來只是太累。,我會讓你看起來只是太累。,,,,,,,,,
quiz.passenger_a.mid.q08.option_a.response,妳連藉口都想好了？,妳連藉口都想好了？,,,,,,,,,
quiz.passenger_a.mid.q08.option_b.text,我只會看你能撐到哪裡。,我只會看你能撐到哪裡。,,,,,,,,,
quiz.passenger_a.mid.q08.option_b.response,惡魔……,惡魔……,,,,,,,,,
quiz.passenger_a.mid.q08.option_c.text,那我現在停下。,那我現在停下。,,,,,,,,,
quiz.passenger_a.mid.q08.option_c.response,等一下。,等一下。,,,,,,,,,
quiz.passenger_a.mid.q09.stem,他被電話那頭命令重說一次。,他被電話那頭命令重說一次。,,,,,,,,,
quiz.passenger_a.mid.q09.option_a.text,那邊命令你，這邊也有人盯著你，很忙吧？,那邊命令你，這邊也有人盯著你，很忙吧？,,,,,,,,,
quiz.passenger_a.mid.q09.option_a.response,妳不要再增加壓力。,妳不要再增加壓力。,,,,,,,,,
quiz.passenger_a.mid.q09.option_b.text,一邊被罵，一邊還要裝正常，辛苦了。,一邊被罵，一邊還要裝正常，辛苦了。,,,,,,,,,
quiz.passenger_a.mid.q09.option_b.response,妳是在安慰還是取笑？,妳是在安慰還是取笑？,,,,,,,,,
quiz.passenger_a.mid.q09.option_c.text,看來你今晚很倒楣。,看來你今晚很倒楣。,,,,,,,,,
quiz.passenger_a.mid.q09.option_c.response,是啊。,是啊。,,,,,,,,,
quiz.passenger_a.mid.q10.stem,「我剛剛是不是聲音變了？」,「我剛剛是不是聲音變了？」,,,,,,,,,
quiz.passenger_a.mid.q10.option_a.text,有一點，但很可愛。,有一點，但很可愛。,,,,,,,,,
quiz.passenger_a.mid.q10.option_a.response,不要用可愛形容我。,不要用可愛形容我。,,,,,,,,,
quiz.passenger_a.mid.q10.option_b.text,還沒露餡，不過快了。,還沒露餡，不過快了。,,,,,,,,,
quiz.passenger_a.mid.q10.option_b.response,妳別嚇我。,妳別嚇我。,,,,,,,,,
quiz.passenger_a.mid.q10.option_c.text,沒有，很正常。,沒有，很正常。,,,,,,,,,
quiz.passenger_a.mid.q10.option_c.response,……謝謝。,……謝謝。,,,,,,,,,
quiz.passenger_a.high.q01.stem,他已經很難專心通話。,他已經很難專心通話。,,,,,,,,,
quiz.passenger_a.high.q01.option_a.text,電話還沒掛，你敢讓我把你的聲音吞回去嗎？,電話還沒掛，你敢讓我把你的聲音吞回去嗎？,,,,,,,,,
quiz.passenger_a.high.q01.option_a.response,別、別說得這麼直接……,別、別說得這麼直接……,,,,,,,,,
quiz.passenger_a.high.q01.option_b.text,你只要繼續講，我負責讓你別崩掉。,你只要繼續講，我負責讓你別崩掉。,,,,,,,,,
quiz.passenger_a.high.q01.option_b.response,這算哪門子幫忙……,這算哪門子幫忙……,,,,,,,,,
quiz.passenger_a.high.q01.option_c.text,你要我停，我就停。,你要我停，我就停。,,,,,,,,,
quiz.passenger_a.high.q01.option_c.response,我……還沒說停。,我……還沒說停。,,,,,,,,,
quiz.passenger_a.high.q02.stem,他用手摀住嘴，努力壓聲。,他用手摀住嘴，努力壓聲。,,,,,,,,,
quiz.passenger_a.high.q02.option_a.text,別摀嘴，等一下需要用嘴的人不是你。,別摀嘴，等一下需要用嘴的人不是你。,,,,,,,,,
quiz.passenger_a.high.q02.option_a.response,妳真的瘋了……,妳真的瘋了……,,,,,,,,,
quiz.passenger_a.high.q02.option_b.text,你現在每一個停頓，都像在求我繼續。,你現在每一個停頓，都像在求我繼續。,,,,,,,,,
quiz.passenger_a.high.q02.option_b.response,我沒有求妳。,我沒有求妳。,,,,,,,,,
quiz.passenger_a.high.q02.option_c.text,先深呼吸。,先深呼吸。,,,,,,,,,
quiz.passenger_a.high.q02.option_c.response,我做不到。,我做不到。,,,,,,,,,
quiz.passenger_a.high.q03.stem,「如果我現在掛電話，妳想做什麼？」,「如果我現在掛電話，妳想做什麼？」,,,,,,,,,
quiz.passenger_a.high.q03.option_a.text,讓你把剛才忍住的聲音都還給我。,讓你把剛才忍住的聲音都還給我。,,,,,,,,,
quiz.passenger_a.high.q03.option_a.response,……妳太會逼人了。,……妳太會逼人了。,,,,,,,,,
quiz.passenger_a.high.q03.option_b.text,讓你知道，不是只有老闆能命令你。,讓你知道，不是只有老闆能命令你。,,,,,,,,,
quiz.passenger_a.high.q03.option_b.response,這句話很危險。,這句話很危險。,,,,,,,,,
quiz.passenger_a.high.q03.option_c.text,先問你想不想繼續。,先問你想不想繼續。,,,,,,,,,
quiz.passenger_a.high.q03.option_c.response,妳這樣問，我反而拒絕不了。,妳這樣問，我反而拒絕不了。,,,,,,,,,
quiz.passenger_a.high.q04.stem,他剛被老闆責備。,他剛被老闆責備。,,,,,,,,,
quiz.passenger_a.high.q04.option_a.text,被罵得這麼乖，要不要我給你一點獎勵？,被罵得這麼乖，要不要我給你一點獎勵？,,,,,,,,,
quiz.passenger_a.high.q04.option_a.response,不要在電話旁邊說這種話……,不要在電話旁邊說這種話……,,,,,,,,,
quiz.passenger_a.high.q04.option_b.text,你剛剛忍住了，表現很好。,你剛剛忍住了，表現很好。,,,,,,,,,
quiz.passenger_a.high.q04.option_b.response,妳別像在訓練我。,妳別像在訓練我。,,,,,,,,,
quiz.passenger_a.high.q04.option_c.text,辛苦了。,辛苦了。,,,,,,,,,
quiz.passenger_a.high.q04.option_c.response,……嗯。,……嗯。,,,,,,,,,
quiz.passenger_a.high.q05.stem,「我現在真的快裝不下去了。」,「我現在真的快裝不下去了。」,,,,,,,,,
quiz.passenger_a.high.q05.option_a.text,那就只在我面前壞掉。,那就只在我面前壞掉。,,,,,,,,,
quiz.passenger_a.high.q05.option_a.response,……妳說得太簡單了。,……妳說得太簡單了。,,,,,,,,,
quiz.passenger_a.high.q05.option_b.text,再撐一下，讓電話那頭什麼都不知道。,再撐一下，讓電話那頭什麼都不知道。,,,,,,,,,
quiz.passenger_a.high.q05.option_b.response,妳壞透了。,妳壞透了。,,,,,,,,,
quiz.passenger_a.high.q05.option_c.text,那我們停止。,那我們停止。,,,,,,,,,
quiz.passenger_a.high.q05.option_c.response,別馬上停……,別馬上停……,,,,,,,,,
quiz.passenger_a.high.q06.stem,電話進入等待狀態。,電話進入等待狀態。,,,,,,,,,
quiz.passenger_a.high.q06.option_a.text,現在他聽不見了，要不要讓我聽聽你真正的聲音？,現在他聽不見了，要不要讓我聽聽你真正的聲音？,,,,,,,,,
quiz.passenger_a.high.q06.option_a.response,妳不要趁空檔……,妳不要趁空檔……,,,,,,,,,
quiz.passenger_a.high.q06.option_b.text,短短幾秒，也夠我讓你亂掉。,短短幾秒，也夠我讓你亂掉。,,,,,,,,,
quiz.passenger_a.high.q06.option_b.response,妳真的會抓時間。,妳真的會抓時間。,,,,,,,,,
quiz.passenger_a.high.q06.option_c.text,趁現在整理呼吸。,趁現在整理呼吸。,,,,,,,,,
quiz.passenger_a.high.q06.option_c.response,我反而更亂。,我反而更亂。,,,,,,,,,
quiz.passenger_a.high.q07.stem,車快到目的地。,車快到目的地。,,,,,,,,,
quiz.passenger_a.high.q07.option_a.text,電話結束後，你是要回家，還是先留在車上讓我收尾？,電話結束後，你是要回家，還是先留在車上讓我收尾？,,,,,,,,,
quiz.passenger_a.high.q07.option_a.response,……不要問得這麼明白。,……不要問得這麼明白。,,,,,,,,,
quiz.passenger_a.high.q07.option_b.text,我可以把這趟路延長，直到你說夠了。,我可以把這趟路延長，直到你說夠了。,,,,,,,,,
quiz.passenger_a.high.q07.option_b.response,我可能不會那麼快說。,我可能不會那麼快說。,,,,,,,,,
quiz.passenger_a.high.q07.option_c.text,到了就下車吧。,到了就下車吧。,,,,,,,,,
quiz.passenger_a.high.q07.option_c.response,妳現在才裝正經？,妳現在才裝正經？,,,,,,,,,
quiz.passenger_a.high.q08.stem,「我是不是……已經被妳弄得很奇怪了？」,「我是不是……已經被妳弄得很奇怪了？」,,,,,,,,,
quiz.passenger_a.high.q08.option_a.text,不是奇怪，是終於不像機器了。,不是奇怪，是終於不像機器了。,,,,,,,,,
quiz.passenger_a.high.q08.option_a.response,這句話……好過分。,這句話……好過分。,,,,,,,,,
quiz.passenger_a.high.q08.option_b.text,是，而且我很滿意。,是，而且我很滿意。,,,,,,,,,
quiz.passenger_a.high.q08.option_b.response,妳真的很惡劣。,妳真的很惡劣。,,,,,,,,,
quiz.passenger_a.high.q08.option_c.text,有一點，但你還能選擇停下。,有一點，但你還能選擇停下。,,,,,,,,,
quiz.passenger_a.high.q08.option_c.response,我知道。,我知道。,,,,,,,,,
quiz.passenger_a.high.q09.stem,他被要求再講最後一句。,他被要求再講最後一句。,,,,,,,,,
quiz.passenger_a.high.q09.option_a.text,最後一句要穩住喔，說完我就不客氣了。,最後一句要穩住喔，說完我就不客氣了。,,,,,,,,,
quiz.passenger_a.high.q09.option_a.response,妳不要在這時候倒數……,妳不要在這時候倒數……,,,,,,,,,
quiz.passenger_a.high.q09.option_b.text,把聲音藏好，剩下的交給我。,把聲音藏好，剩下的交給我。,,,,,,,,,
quiz.passenger_a.high.q09.option_b.response,我快藏不住了。,我快藏不住了。,,,,,,,,,
quiz.passenger_a.high.q09.option_c.text,冷靜，快結束了。,冷靜，快結束了。,,,,,,,,,
quiz.passenger_a.high.q09.option_c.response,妳越說越糟。,妳越說越糟。,,,,,,,,,
quiz.passenger_a.high.q10.stem,「我掛了……現在妳滿意了嗎？」,「我掛了……現在妳滿意了嗎？」,,,,,,,,,
quiz.passenger_a.high.q10.option_a.text,還沒。現在才輪到我真正聽你說話。,還沒。現在才輪到我真正聽你說話。,,,,,,,,,
quiz.passenger_a.high.q10.option_a.response,……妳想聽什麼？,……妳想聽什麼？,,,,,,,,,
quiz.passenger_a.high.q10.option_b.text,很滿意，尤其是你忍到最後的樣子。,很滿意，尤其是你忍到最後的樣子。,,,,,,,,,
quiz.passenger_a.high.q10.option_b.response,別那樣看我。,別那樣看我。,,,,,,,,,
quiz.passenger_a.high.q10.option_c.text,你做得很好，想停就停。,你做得很好，想停就停。,,,,,,,,,
quiz.passenger_a.high.q10.option_c.response,我不想立刻停。,我不想立刻停。,,,,,,,,,
quiz.passenger_d.low.q01.stem,他提到太太在家等。,他提到太太在家等。,,,,,,,,,
quiz.passenger_d.low.q01.option_a.text,你一直提到太太，是提醒我，還是提醒自己？,你一直提到太太，是提醒我，還是提醒自己？,,,,,,,,,
quiz.passenger_d.low.q01.option_a.response,妳說話很危險。,妳說話很危險。,,,,,,,,,
quiz.passenger_d.low.q01.option_b.text,看得出來你很重視家庭。,看得出來你很重視家庭。,,,,,,,,,
quiz.passenger_d.low.q01.option_b.response,那是當然。,那是當然。,,,,,,,,,
quiz.passenger_d.low.q01.option_c.text,有太太的人更容易動搖嗎？,有太太的人更容易動搖嗎？,,,,,,,,,
quiz.passenger_d.low.q01.option_c.response,這不尊重人。,這不尊重人。,,,,,,,,,
quiz.passenger_d.low.q02.stem,「妳是故意挑我這種人下手？」,「妳是故意挑我這種人下手？」,,,,,,,,,
quiz.passenger_d.low.q02.option_a.text,我只是好奇，自律的人防線是不是更漂亮。,我只是好奇，自律的人防線是不是更漂亮。,,,,,,,,,
quiz.passenger_d.low.q02.option_a.response,妳很會挑釁。,妳很會挑釁。,,,,,,,,,
quiz.passenger_d.low.q02.option_b.text,你看起來很能忍。,你看起來很能忍。,,,,,,,,,
quiz.passenger_d.low.q02.option_b.response,這點沒錯。,這點沒錯。,,,,,,,,,
quiz.passenger_d.low.q02.option_c.text,因為你最好攻破。,因為你最好攻破。,,,,,,,,,
quiz.passenger_d.low.q02.option_c.response,妳小看我。,妳小看我。,,,,,,,,,
quiz.passenger_d.low.q03.stem,他坐姿挺直，肩背結實。,他坐姿挺直，肩背結實。,,,,,,,,,
quiz.passenger_d.low.q03.option_a.text,你平常很常訓練吧？,你平常很常訓練吧？,,,,,,,,,
quiz.passenger_d.low.q03.option_a.response,算是。,算是。,,,,,,,,,
quiz.passenger_d.low.q03.option_b.text,身體練得這麼穩，心也一樣嗎？,身體練得這麼穩，心也一樣嗎？,,,,,,,,,
quiz.passenger_d.low.q03.option_b.response,當然。,當然。,,,,,,,,,
quiz.passenger_d.low.q03.option_c.text,看起來很自戀。,看起來很自戀。,,,,,,,,,
quiz.passenger_d.low.q03.option_c.response,妳誤會了。,妳誤會了。,,,,,,,,,
quiz.passenger_d.low.q04.stem,他刻意保持距離。,他刻意保持距離。,,,,,,,,,
quiz.passenger_d.low.q04.option_a.text,你連坐姿都像在防守。,你連坐姿都像在防守。,,,,,,,,,
quiz.passenger_d.low.q04.option_a.response,我只是習慣端正。,我只是習慣端正。,,,,,,,,,
quiz.passenger_d.low.q04.option_b.text,不用離那麼遠，我不會咬人。,不用離那麼遠，我不會咬人。,,,,,,,,,
quiz.passenger_d.low.q04.option_b.response,這很難說。,這很難說。,,,,,,,,,
quiz.passenger_d.low.q04.option_c.text,你很怕我？,你很怕我？,,,,,,,,,
quiz.passenger_d.low.q04.option_c.response,不是怕。,不是怕。,,,,,,,,,
quiz.passenger_d.low.q05.stem,「我不會做對不起太太的事。」,「我不會做對不起太太的事。」,,,,,,,,,
quiz.passenger_d.low.q05.option_a.text,我沒叫你做，我只是想看你會不會想。,我沒叫你做，我只是想看你會不會想。,,,,,,,,,
quiz.passenger_d.low.q05.option_a.response,這更糟。,這更糟。,,,,,,,,,
quiz.passenger_d.low.q05.option_b.text,好男人通常最怕承認自己動搖。,好男人通常最怕承認自己動搖。,,,,,,,,,
quiz.passenger_d.low.q05.option_b.response,我沒有動搖。,我沒有動搖。,,,,,,,,,
quiz.passenger_d.low.q05.option_c.text,那我們就安靜到目的地。,那我們就安靜到目的地。,,,,,,,,,
quiz.passenger_d.low.q05.option_c.response,很好。,很好。,,,,,,,,,
quiz.passenger_d.low.q06.stem,他看著窗外，避開視線。,他看著窗外，避開視線。,,,,,,,,,
quiz.passenger_d.low.q06.option_a.text,如果只是心裡動搖，算背叛嗎？,如果只是心裡動搖，算背叛嗎？,,,,,,,,,
quiz.passenger_d.low.q06.option_a.response,……我不想回答。,……我不想回答。,,,,,,,,,
quiz.passenger_d.low.q06.option_b.text,你真的很在乎界線。,你真的很在乎界線。,,,,,,,,,
quiz.passenger_d.low.q06.option_b.response,因為那很重要。,因為那很重要。,,,,,,,,,
quiz.passenger_d.low.q06.option_c.text,界線就是拿來越過的。,界線就是拿來越過的。,,,,,,,,,
quiz.passenger_d.low.q06.option_c.response,不是。,不是。,,,,,,,,,
quiz.passenger_d.low.q07.stem,他手臂肌肉明顯。,他手臂肌肉明顯。,,,,,,,,,
quiz.passenger_d.low.q07.option_a.text,你看起來像很習慣保護別人。,你看起來像很習慣保護別人。,,,,,,,,,
quiz.passenger_d.low.q07.option_a.response,我希望如此。,我希望如此。,,,,,,,,,
quiz.passenger_d.low.q07.option_b.text,這種手臂，用來忍耐太浪費了。,這種手臂，用來忍耐太浪費了。,,,,,,,,,
quiz.passenger_d.low.q07.option_b.response,妳講話太直接。,妳講話太直接。,,,,,,,,,
quiz.passenger_d.low.q07.option_c.text,肌肉男是不是都很好騙？,肌肉男是不是都很好騙？,,,,,,,,,
quiz.passenger_d.low.q07.option_c.response,妳很失禮。,妳很失禮。,,,,,,,,,
quiz.passenger_d.low.q08.stem,「妳平常都這樣跟男乘客說話？」,「妳平常都這樣跟男乘客說話？」,,,,,,,,,
quiz.passenger_d.low.q08.option_a.text,只對看起來會硬撐的人。,只對看起來會硬撐的人。,,,,,,,,,
quiz.passenger_d.low.q08.option_a.response,妳又在挑釁。,妳又在挑釁。,,,,,,,,,
quiz.passenger_d.low.q08.option_b.text,只對有趣的人。,只對有趣的人。,,,,,,,,,
quiz.passenger_d.low.q08.option_b.response,我不想變有趣。,我不想變有趣。,,,,,,,,,
quiz.passenger_d.low.q08.option_c.text,對，每個人都差不多。,對，每個人都差不多。,,,,,,,,,
quiz.passenger_d.low.q08.option_c.response,那我沒興趣。,那我沒興趣。,,,,,,,,,
quiz.passenger_d.low.q09.stem,他摸了摸戒指。,他摸了摸戒指。,,,,,,,,,
quiz.passenger_d.low.q09.option_a.text,你摸戒指的次數，比看我還多。,你摸戒指的次數，比看我還多。,,,,,,,,,
quiz.passenger_d.low.q09.option_a.response,妳連這個都注意？,妳連這個都注意？,,,,,,,,,
quiz.passenger_d.low.q09.option_b.text,那枚戒指對你很重要。,那枚戒指對你很重要。,,,,,,,,,
quiz.passenger_d.low.q09.option_b.response,是。,是。,,,,,,,,,
quiz.passenger_d.low.q09.option_c.text,戒指不代表什麼。,戒指不代表什麼。,,,,,,,,,
quiz.passenger_d.low.q09.option_c.response,對我代表很多。,對我代表很多。,,,,,,,,,
quiz.passenger_d.low.q10.stem,車內氣氛逐漸沉默。,車內氣氛逐漸沉默。,,,,,,,,,
quiz.passenger_d.low.q10.option_a.text,你越沉默，我越想知道你在忍什麼。,你越沉默，我越想知道你在忍什麼。,,,,,,,,,
quiz.passenger_d.low.q10.option_a.response,不要亂猜。,不要亂猜。,,,,,,,,,
quiz.passenger_d.low.q10.option_b.text,你說自己不會動搖，那就看著我說一次。,你說自己不會動搖，那就看著我說一次。,,,,,,,,,
quiz.passenger_d.low.q10.option_b.response,……我不需要證明。,……我不需要證明。,,,,,,,,,
quiz.passenger_d.low.q10.option_c.text,快到了。,快到了。,,,,,,,,,
quiz.passenger_d.low.q10.option_c.response,嗯。,嗯。,,,,,,,,,
quiz.passenger_d.mid.q01.stem,他已經開始明顯動搖。,他已經開始明顯動搖。,,,,,,,,,
quiz.passenger_d.mid.q01.option_a.text,如果身體先動搖了，理性還算贏嗎？,如果身體先動搖了，理性還算贏嗎？,,,,,,,,,
quiz.passenger_d.mid.q01.option_a.response,這問題太卑鄙。,這問題太卑鄙。,,,,,,,,,
quiz.passenger_d.mid.q01.option_b.text,你的心比肌肉難訓練嗎？,你的心比肌肉難訓練嗎？,,,,,,,,,
quiz.passenger_d.mid.q01.option_b.response,我一直以為不難。,我一直以為不難。,,,,,,,,,
quiz.passenger_d.mid.q01.option_c.text,男人都差不多吧？,男人都差不多吧？,,,,,,,,,
quiz.passenger_d.mid.q01.option_c.response,我不是那種人。,我不是那種人。,,,,,,,,,
quiz.passenger_d.mid.q02.stem,「妳明知道我有太太，還要繼續？」,「妳明知道我有太太，還要繼續？」,,,,,,,,,
quiz.passenger_d.mid.q02.option_a.text,我不否定你的忠誠，只想看它多堅固。,我不否定你的忠誠，只想看它多堅固。,,,,,,,,,
quiz.passenger_d.mid.q02.option_a.response,比直接誘惑還危險。,比直接誘惑還危險。,,,,,,,,,
quiz.passenger_d.mid.q02.option_b.text,真正忠誠的人不怕測試。,真正忠誠的人不怕測試。,,,,,,,,,
quiz.passenger_d.mid.q02.option_b.response,妳在激我。,妳在激我。,,,,,,,,,
quiz.passenger_d.mid.q02.option_c.text,那就當我沒說。,那就當我沒說。,,,,,,,,,
quiz.passenger_d.mid.q02.option_c.response,……妳退得真快。,……妳退得真快。,,,,,,,,,
quiz.passenger_d.mid.q03.stem,他努力保持端正。,他努力保持端正。,,,,,,,,,
quiz.passenger_d.mid.q03.option_a.text,你不是很有定力嗎？那為什麼不敢看我？,你不是很有定力嗎？那為什麼不敢看我？,,,,,,,,,
quiz.passenger_d.mid.q03.option_a.response,我沒有不敢。,我沒有不敢。,,,,,,,,,
quiz.passenger_d.mid.q03.option_b.text,你可以拒絕，但你的身體不會說謊。,你可以拒絕，但你的身體不會說謊。,,,,,,,,,
quiz.passenger_d.mid.q03.option_b.response,別用這種說法。,別用這種說法。,,,,,,,,,
quiz.passenger_d.mid.q03.option_c.text,算了，你太正經了。,算了，你太正經了。,,,,,,,,,
quiz.passenger_d.mid.q03.option_c.response,這樣最好。,這樣最好。,,,,,,,,,
quiz.passenger_d.mid.q04.stem,他握緊拳頭。,他握緊拳頭。,,,,,,,,,
quiz.passenger_d.mid.q04.option_a.text,你的力氣很適合壓住衝動，也很適合放開。,你的力氣很適合壓住衝動，也很適合放開。,,,,,,,,,
quiz.passenger_d.mid.q04.option_a.response,妳在誘導我。,妳在誘導我。,,,,,,,,,
quiz.passenger_d.mid.q04.option_b.text,你忍耐的樣子，比放縱更明顯。,你忍耐的樣子，比放縱更明顯。,,,,,,,,,
quiz.passenger_d.mid.q04.option_b.response,別看了。,別看了。,,,,,,,,,
quiz.passenger_d.mid.q04.option_c.text,你是不是只剩肌肉？,你是不是只剩肌肉？,,,,,,,,,
quiz.passenger_d.mid.q04.option_c.response,無聊。,無聊。,,,,,,,,,
quiz.passenger_d.mid.q05.stem,「我可以控制自己。」,「我可以控制自己。」,,,,,,,,,
quiz.passenger_d.mid.q05.option_a.text,我相信，所以才想看你控制到哪一步。,我相信，所以才想看你控制到哪一步。,,,,,,,,,
quiz.passenger_d.mid.q05.option_a.response,妳真的很壞。,妳真的很壞。,,,,,,,,,
quiz.passenger_d.mid.q05.option_b.text,控制不是沒有感覺，是有感覺還能忍。,控制不是沒有感覺，是有感覺還能忍。,,,,,,,,,
quiz.passenger_d.mid.q05.option_b.response,……妳說對了。,……妳說對了。,,,,,,,,,
quiz.passenger_d.mid.q05.option_c.text,那你就繼續控制吧。,那你就繼續控制吧。,,,,,,,,,
quiz.passenger_d.mid.q05.option_c.response,我會的。,我會的。,,,,,,,,,
quiz.passenger_d.mid.q06.stem,他又看了一眼戒指。,他又看了一眼戒指。,,,,,,,,,
quiz.passenger_d.mid.q06.option_a.text,你不是不愛她，你只是開始誠實面對自己。,你不是不愛她，你只是開始誠實面對自己。,,,,,,,,,
quiz.passenger_d.mid.q06.option_a.response,妳別替我找理由。,妳別替我找理由。,,,,,,,,,
quiz.passenger_d.mid.q06.option_b.text,戒指還在，但你已經不平靜了。,戒指還在，但你已經不平靜了。,,,,,,,,,
quiz.passenger_d.mid.q06.option_b.response,不要說出來。,不要說出來。,,,,,,,,,
quiz.passenger_d.mid.q06.option_c.text,忘了她吧。,忘了她吧。,,,,,,,,,
quiz.passenger_d.mid.q06.option_c.response,不准這樣說。,不准這樣說。,,,,,,,,,
quiz.passenger_d.mid.q07.stem,他身體很穩，語氣卻亂。,他身體很穩，語氣卻亂。,,,,,,,,,
quiz.passenger_d.mid.q07.option_a.text,身體這麼穩，聲音卻先露餡了。,身體這麼穩，聲音卻先露餡了。,,,,,,,,,
quiz.passenger_d.mid.q07.option_a.response,……妳聽錯了。,……妳聽錯了。,,,,,,,,,
quiz.passenger_d.mid.q07.option_b.text,你看起來能扛很多，卻扛不住一句話？,你看起來能扛很多，卻扛不住一句話？,,,,,,,,,
quiz.passenger_d.mid.q07.option_b.response,不要小看我。,不要小看我。,,,,,,,,,
quiz.passenger_d.mid.q07.option_c.text,你很可憐。,你很可憐。,,,,,,,,,
quiz.passenger_d.mid.q07.option_c.response,停。,停。,,,,,,,,,
quiz.passenger_d.mid.q08.stem,「妳到底想證明什麼？」,「妳到底想證明什麼？」,,,,,,,,,
quiz.passenger_d.mid.q08.option_a.text,證明你不是沒有慾望，只是很會藏。,證明你不是沒有慾望，只是很會藏。,,,,,,,,,
quiz.passenger_d.mid.q08.option_a.response,……,……,,,,,,,,,
quiz.passenger_d.mid.q08.option_b.text,證明你越正直，越讓人想弄亂。,證明你越正直，越讓人想弄亂。,,,,,,,,,
quiz.passenger_d.mid.q08.option_b.response,妳很危險。,妳很危險。,,,,,,,,,
quiz.passenger_d.mid.q08.option_c.text,沒什麼，只是無聊。,沒什麼，只是無聊。,,,,,,,,,
quiz.passenger_d.mid.q08.option_c.response,那妳找錯人了。,那妳找錯人了。,,,,,,,,,
quiz.passenger_d.mid.q09.stem,他開始主動回應。,他開始主動回應。,,,,,,,,,
quiz.passenger_d.mid.q09.option_a.text,你剛剛沒有立刻拒絕，是不是？,你剛剛沒有立刻拒絕，是不是？,,,,,,,,,
quiz.passenger_d.mid.q09.option_a.response,我只是在想怎麼回。,我只是在想怎麼回。,,,,,,,,,
quiz.passenger_d.mid.q09.option_b.text,你現在最怕的不是我，是你開始期待。,你現在最怕的不是我，是你開始期待。,,,,,,,,,
quiz.passenger_d.mid.q09.option_b.response,閉嘴。,閉嘴。,,,,,,,,,
quiz.passenger_d.mid.q09.option_c.text,不用想太多。,不用想太多。,,,,,,,,,
quiz.passenger_d.mid.q09.option_c.response,我不能不想。,我不能不想。,,,,,,,,,
quiz.passenger_d.mid.q10.stem,「如果我後悔，妳會停嗎？」,「如果我後悔，妳會停嗎？」,,,,,,,,,
quiz.passenger_d.mid.q10.option_a.text,會。你說停，我就停。,會。你說停，我就停。,,,,,,,,,
quiz.passenger_d.mid.q10.option_a.response,……這反而更難拒絕。,……這反而更難拒絕。,,,,,,,,,
quiz.passenger_d.mid.q10.option_b.text,我會讓你在後悔前先承認想要。,我會讓你在後悔前先承認想要。,,,,,,,,,
quiz.passenger_d.mid.q10.option_b.response,妳太會繞了。,妳太會繞了。,,,,,,,,,
quiz.passenger_d.mid.q10.option_c.text,後悔是之後的事。,後悔是之後的事。,,,,,,,,,
quiz.passenger_d.mid.q10.option_c.response,不行。,不行。,,,,,,,,,
quiz.passenger_d.high.q01.stem,他已經無法再只談忠誠。,他已經無法再只談忠誠。,,,,,,,,,
quiz.passenger_d.high.q01.option_a.text,今晚先別談忠誠，談談你的身體有多誠實。,今晚先別談忠誠，談談你的身體有多誠實。,,,,,,,,,
quiz.passenger_d.high.q01.option_a.response,妳別逼我承認。,妳別逼我承認。,,,,,,,,,
quiz.passenger_d.high.q01.option_b.text,你可以愛她，但現在看著我的人是你。,你可以愛她，但現在看著我的人是你。,,,,,,,,,
quiz.passenger_d.high.q01.option_b.response,……太過分了。,……太過分了。,,,,,,,,,
quiz.passenger_d.high.q01.option_c.text,我會等你自己說願意。,我會等你自己說願意。,,,,,,,,,
quiz.passenger_d.high.q01.option_c.response,妳真的很狡猾。,妳真的很狡猾。,,,,,,,,,
quiz.passenger_d.high.q02.stem,「如果我真的不再忍，妳承受得住嗎？」,「如果我真的不再忍，妳承受得住嗎？」,,,,,,,,,
quiz.passenger_d.high.q02.option_a.text,我等的就是你不再只用理性說話。,我等的就是你不再只用理性說話。,,,,,,,,,
quiz.passenger_d.high.q02.option_a.response,妳會後悔挑釁我。,妳會後悔挑釁我。,,,,,,,,,
quiz.passenger_d.high.q02.option_b.text,你終於想用力氣回答了？,你終於想用力氣回答了？,,,,,,,,,
quiz.passenger_d.high.q02.option_b.response,別把我說得像輸了。,別把我說得像輸了。,,,,,,,,,
quiz.passenger_d.high.q02.option_c.text,我會讓你停在安全線前。,我會讓你停在安全線前。,,,,,,,,,
quiz.passenger_d.high.q02.option_c.response,妳還給我退路……,妳還給我退路……,,,,,,,,,
quiz.passenger_d.high.q03.stem,他刻意不再退開。,他刻意不再退開。,,,,,,,,,
quiz.passenger_d.high.q03.option_a.text,你不退了，是想讓我靠近，還是想抓住我？,你不退了，是想讓我靠近，還是想抓住我？,,,,,,,,,
quiz.passenger_d.high.q03.option_a.response,我不知道。,我不知道。,,,,,,,,,
quiz.passenger_d.high.q03.option_b.text,你的手很適合扶穩我，不是只適合忍耐。,你的手很適合扶穩我，不是只適合忍耐。,,,,,,,,,
quiz.passenger_d.high.q03.option_b.response,妳知道自己在說什麼嗎？,妳知道自己在說什麼嗎？,,,,,,,,,
quiz.passenger_d.high.q03.option_c.text,我不會靠近，除非你點頭。,我不會靠近，除非你點頭。,,,,,,,,,
quiz.passenger_d.high.q03.option_c.response,……那我點頭呢？,……那我點頭呢？,,,,,,,,,
quiz.passenger_d.high.q04.stem,車停在偏暗處。,車停在偏暗處。,,,,,,,,,
quiz.passenger_d.high.q04.option_a.text,你這副身體，應該不只是拿來克制自己的吧？,你這副身體，應該不只是拿來克制自己的吧？,,,,,,,,,
quiz.passenger_d.high.q04.option_a.response,妳真的很敢說。,妳真的很敢說。,,,,,,,,,
quiz.passenger_d.high.q04.option_b.text,如果你抱起我，還能說自己完全沒動搖嗎？,如果你抱起我，還能說自己完全沒動搖嗎？,,,,,,,,,
quiz.passenger_d.high.q04.option_b.response,別再試探了。,別再試探了。,,,,,,,,,
quiz.passenger_d.high.q04.option_c.text,到了，該下車了。,到了，該下車了。,,,,,,,,,
quiz.passenger_d.high.q04.option_c.response,妳現在要逃？,妳現在要逃？,,,,,,,,,
quiz.passenger_d.high.q05.stem,「我還是愛我太太。」,「我還是愛我太太。」,,,,,,,,,
quiz.passenger_d.high.q05.option_a.text,我知道，所以我才不否定你，只讓你承認今晚的自己。,我知道，所以我才不否定你，只讓你承認今晚的自己。,,,,,,,,,
quiz.passenger_d.high.q05.option_a.response,……妳太狠了。,……妳太狠了。,,,,,,,,,
quiz.passenger_d.high.q05.option_b.text,那就把這當成你唯一一次失控。,那就把這當成你唯一一次失控。,,,,,,,,,
quiz.passenger_d.high.q05.option_b.response,不要替我找藉口。,不要替我找藉口。,,,,,,,,,
quiz.passenger_d.high.q05.option_c.text,那就結束。,那就結束。,,,,,,,,,
quiz.passenger_d.high.q05.option_c.response,……也許該這樣。,……也許該這樣。,,,,,,,,,
quiz.passenger_d.high.q06.stem,他呼吸變沉。,他呼吸變沉。,,,,,,,,,
quiz.passenger_d.high.q06.option_a.text,你再忍下去，我會覺得是在等我主動坐上來。,你再忍下去，我會覺得是在等我主動坐上來。,,,,,,,,,
quiz.passenger_d.high.q06.option_a.response,別說出口……,別說出口……,,,,,,,,,
quiz.passenger_d.high.q06.option_b.text,你的眼神已經比你的嘴誠實多了。,你的眼神已經比你的嘴誠實多了。,,,,,,,,,
quiz.passenger_d.high.q06.option_b.response,我沒有……,我沒有……,,,,,,,,,
quiz.passenger_d.high.q06.option_c.text,喝水嗎？,喝水嗎？,,,,,,,,,
quiz.passenger_d.high.q06.option_c.response,現在不是喝水的問題。,現在不是喝水的問題。,,,,,,,,,
quiz.passenger_d.high.q07.stem,他已經不看戒指。,他已經不看戒指。,,,,,,,,,
quiz.passenger_d.high.q07.option_a.text,現在說一句你不想要，我就停。,現在說一句你不想要，我就停。,,,,,,,,,
quiz.passenger_d.high.q07.option_a.response,……我說不出口。,……我說不出口。,,,,,,,,,
quiz.passenger_d.high.q07.option_b.text,你要繼續當好男人，還是今晚先當誠實的男人？,你要繼續當好男人，還是今晚先當誠實的男人？,,,,,,,,,
quiz.passenger_d.high.q07.option_b.response,妳這問題太殘忍。,妳這問題太殘忍。,,,,,,,,,
quiz.passenger_d.high.q07.option_c.text,你不用回答。,你不用回答。,,,,,,,,,
quiz.passenger_d.high.q07.option_c.response,不，我想回答。,不，我想回答。,,,,,,,,,
quiz.passenger_d.high.q08.stem,「妳為什麼偏偏要挑戰我？」,「妳為什麼偏偏要挑戰我？」,,,,,,,,,
quiz.passenger_d.high.q08.option_a.text,因為你越忠誠，動搖的瞬間越漂亮。,因為你越忠誠，動搖的瞬間越漂亮。,,,,,,,,,
quiz.passenger_d.high.q08.option_a.response,惡魔……,惡魔……,,,,,,,,,
quiz.passenger_d.high.q08.option_b.text,因為你不是隨便的人，所以才值得攻破。,因為你不是隨便的人，所以才值得攻破。,,,,,,,,,
quiz.passenger_d.high.q08.option_b.response,這不算稱讚。,這不算稱讚。,,,,,,,,,
quiz.passenger_d.high.q08.option_c.text,因為我無聊。,因為我無聊。,,,,,,,,,
quiz.passenger_d.high.q08.option_c.response,那就停。,那就停。,,,,,,,,,
quiz.passenger_d.high.q09.stem,他已經靠得很近。,他已經靠得很近。,,,,,,,,,
quiz.passenger_d.high.q09.option_a.text,如果你要抱起我，就別再用『不小心』當藉口。,如果你要抱起我，就別再用『不小心』當藉口。,,,,,,,,,
quiz.passenger_d.high.q09.option_a.response,妳連退路都堵住了。,妳連退路都堵住了。,,,,,,,,,
quiz.passenger_d.high.q09.option_b.text,你的力氣，今晚可以不用那麼紳士。,你的力氣，今晚可以不用那麼紳士。,,,,,,,,,
quiz.passenger_d.high.q09.option_b.response,妳會把自己玩火燒身。,妳會把自己玩火燒身。,,,,,,,,,
quiz.passenger_d.high.q09.option_c.text,還是算了。,還是算了。,,,,,,,,,
quiz.passenger_d.high.q09.option_c.response,現在說算了？,現在說算了？,,,,,,,,,
quiz.passenger_d.high.q10.stem,「妳真的要我越過那條線？」,「妳真的要我越過那條線？」,,,,,,,,,
quiz.passenger_d.high.q10.option_a.text,我要你自己承認，是你想跨過來。,我要你自己承認，是你想跨過來。,,,,,,,,,
quiz.passenger_d.high.q10.option_a.response,……我想。,……我想。,,,,,,,,,
quiz.passenger_d.high.q10.option_b.text,我要看你親手把防線放下。,我要看你親手把防線放下。,,,,,,,,,
quiz.passenger_d.high.q10.option_b.response,妳真殘忍。,妳真殘忍。,,,,,,,,,
quiz.passenger_d.high.q10.option_c.text,我不要你後悔。,我不要你後悔。,,,,,,,,,
quiz.passenger_d.high.q10.option_c.response,那就別讓我有時間後悔。,那就別讓我有時間後悔。,,,,,,,,,
quiz.passenger_b.low.q01.stem,他上車後直接命令開車。,他上車後直接命令開車。,,,,,,,,,
quiz.passenger_b.low.q01.option_a.text,你不像乘客，像在檢查這台車是不是你的獵場。,你不像乘客，像在檢查這台車是不是你的獵場。,,,,,,,,,
quiz.passenger_b.low.q01.option_a.response,眼力不差。,眼力不差。,,,,,,,,,
quiz.passenger_b.low.q01.option_b.text,你習慣所有人照你命令動嗎？,你習慣所有人照你命令動嗎？,,,,,,,,,
quiz.passenger_b.low.q01.option_b.response,是他們選擇服從。,是他們選擇服從。,,,,,,,,,
quiz.passenger_b.low.q01.option_c.text,你看起來很寂寞。,你看起來很寂寞。,,,,,,,,,
quiz.passenger_b.low.q01.option_c.response,廉價判斷。,廉價判斷。,,,,,,,,,
quiz.passenger_b.low.q02.stem,「妳是想誘惑我，還是證明自己不怕我？」,「妳是想誘惑我，還是證明自己不怕我？」,,,,,,,,,
quiz.passenger_b.low.q02.option_a.text,兩個都是，怕你就不好玩了。,兩個都是，怕你就不好玩了。,,,,,,,,,
quiz.passenger_b.low.q02.option_a.response,至少不無聊。,至少不無聊。,,,,,,,,,
quiz.passenger_b.low.q02.option_b.text,我想知道你會不會被我動搖。,我想知道你會不會被我動搖。,,,,,,,,,
quiz.passenger_b.low.q02.option_b.response,妳想得太安全。,妳想得太安全。,,,,,,,,,
quiz.passenger_b.low.q02.option_c.text,我沒有那意思。,我沒有那意思。,,,,,,,,,
quiz.passenger_b.low.q02.option_c.response,膽怯就別挑釁。,膽怯就別挑釁。,,,,,,,,,
quiz.passenger_b.low.q03.stem,他整理毛皮大衣。,他整理毛皮大衣。,,,,,,,,,
quiz.passenger_b.low.q03.option_a.text,這件大衣很適合你，像把野性穿在身上。,這件大衣很適合你，像把野性穿在身上。,,,,,,,,,
quiz.passenger_b.low.q03.option_a.response,會說話。,會說話。,,,,,,,,,
quiz.passenger_b.low.q03.option_b.text,你穿得很高調。,你穿得很高調。,,,,,,,,,
quiz.passenger_b.low.q03.option_b.response,權力本來就該被看見。,權力本來就該被看見。,,,,,,,,,
quiz.passenger_b.low.q03.option_c.text,像暴發戶。,像暴發戶。,,,,,,,,,
quiz.passenger_b.low.q03.option_c.response,下車。,下車。,,,,,,,,,
quiz.passenger_b.low.q04.stem,他一直看著後照鏡中的妳。,他一直看著後照鏡中的妳。,,,,,,,,,
quiz.passenger_b.low.q04.option_a.text,你看人的方式像在估價獵物。,你看人的方式像在估價獵物。,,,,,,,,,
quiz.passenger_b.low.q04.option_a.response,也許。,也許。,,,,,,,,,
quiz.passenger_b.low.q04.option_b.text,你想讓我緊張？,你想讓我緊張？,,,,,,,,,
quiz.passenger_b.low.q04.option_b.response,妳已經緊張了。,妳已經緊張了。,,,,,,,,,
quiz.passenger_b.low.q04.option_c.text,請不要盯著我。,請不要盯著我。,,,,,,,,,
quiz.passenger_b.low.q04.option_c.response,那就別挑釁我。,那就別挑釁我。,,,,,,,,,
quiz.passenger_b.low.q05.stem,「妳覺得自己能掌控這趟車？」,「妳覺得自己能掌控這趟車？」,,,,,,,,,
quiz.passenger_b.low.q05.option_a.text,至少方向盤在我手上。,至少方向盤在我手上。,,,,,,,,,
quiz.passenger_b.low.q05.option_a.response,方向盤不是全部。,方向盤不是全部。,,,,,,,,,
quiz.passenger_b.low.q05.option_b.text,我能掌控的是節奏。,我能掌控的是節奏。,,,,,,,,,
quiz.passenger_b.low.q05.option_b.response,妳可以試試。,妳可以試試。,,,,,,,,,
quiz.passenger_b.low.q05.option_c.text,不能。,不能。,,,,,,,,,
quiz.passenger_b.low.q05.option_c.response,無趣。,無趣。,,,,,,,,,
quiz.passenger_b.low.q06.stem,他神情從容。,他神情從容。,,,,,,,,,
quiz.passenger_b.low.q06.option_a.text,你不缺人討好，所以一般誘惑對你沒用吧？,你不缺人討好，所以一般誘惑對你沒用吧？,,,,,,,,,
quiz.passenger_b.low.q06.option_a.response,繼續。,繼續。,,,,,,,,,
quiz.passenger_b.low.q06.option_b.text,你像是會把人逼到牆角的人。,你像是會把人逼到牆角的人。,,,,,,,,,
quiz.passenger_b.low.q06.option_b.response,妳怕？,妳怕？,,,,,,,,,
quiz.passenger_b.low.q06.option_c.text,你應該很好哄。,你應該很好哄。,,,,,,,,,
quiz.passenger_b.low.q06.option_c.response,錯得離譜。,錯得離譜。,,,,,,,,,
quiz.passenger_b.low.q07.stem,車內氣壓低。,車內氣壓低。,,,,,,,,,
quiz.passenger_b.low.q07.option_a.text,我很好奇，你被挑釁時會先笑，還是先咬人？,我很好奇，你被挑釁時會先笑，還是先咬人？,,,,,,,,,
quiz.passenger_b.low.q07.option_a.response,看獵物表現。,看獵物表現。,,,,,,,,,
quiz.passenger_b.low.q07.option_b.text,你不會真的那麼危險吧？,你不會真的那麼危險吧？,,,,,,,,,
quiz.passenger_b.low.q07.option_b.response,妳可以驗證。,妳可以驗證。,,,,,,,,,
quiz.passenger_b.low.q07.option_c.text,算了，你太可怕。,算了，你太可怕。,,,,,,,,,
quiz.passenger_b.low.q07.option_c.response,那就閉嘴開車。,那就閉嘴開車。,,,,,,,,,
quiz.passenger_b.low.q08.stem,「妳挑釁人的方式，很像還沒學會害怕。」,「妳挑釁人的方式，很像還沒學會害怕。」,,,,,,,,,
quiz.passenger_b.low.q08.option_a.text,那你教我？,那你教我？,,,,,,,,,
quiz.passenger_b.low.q08.option_a.response,妳會後悔求教。,妳會後悔求教。,,,,,,,,,
quiz.passenger_b.low.q08.option_b.text,害怕太早出現就不好玩。,害怕太早出現就不好玩。,,,,,,,,,
quiz.passenger_b.low.q08.option_b.response,有趣。,有趣。,,,,,,,,,
quiz.passenger_b.low.q08.option_c.text,我沒有挑釁。,我沒有挑釁。,,,,,,,,,
quiz.passenger_b.low.q08.option_c.response,妳在浪費我的時間。,妳在浪費我的時間。,,,,,,,,,
quiz.passenger_b.low.q09.stem,他眼神像在等待反應。,他眼神像在等待反應。,,,,,,,,,
quiz.passenger_b.low.q09.option_a.text,你不是被誘惑，是在等我主動靠近陷阱。,你不是被誘惑，是在等我主動靠近陷阱。,,,,,,,,,
quiz.passenger_b.low.q09.option_a.response,終於有點準了。,終於有點準了。,,,,,,,,,
quiz.passenger_b.low.q09.option_b.text,你想看我慌嗎？,你想看我慌嗎？,,,,,,,,,
quiz.passenger_b.low.q09.option_b.response,我想看妳失控。,我想看妳失控。,,,,,,,,,
quiz.passenger_b.low.q09.option_c.text,你是不是很愛控制人？,你是不是很愛控制人？,,,,,,,,,
quiz.passenger_b.low.q09.option_c.response,問題太淺。,問題太淺。,,,,,,,,,
quiz.passenger_b.low.q10.stem,他露出一點笑意。,他露出一點笑意。,,,,,,,,,
quiz.passenger_b.low.q10.option_a.text,你笑了，看來我還沒完全失敗。,你笑了，看來我還沒完全失敗。,,,,,,,,,
quiz.passenger_b.low.q10.option_a.response,只是開始有趣。,只是開始有趣。,,,,,,,,,
quiz.passenger_b.low.q10.option_b.text,這趟車你會記得我吧？,這趟車你會記得我吧？,,,,,,,,,
quiz.passenger_b.low.q10.option_b.response,看妳接下來值不值得。,看妳接下來值不值得。,,,,,,,,,
quiz.passenger_b.low.q10.option_c.text,請繫好安全帶。,請繫好安全帶。,,,,,,,,,
quiz.passenger_b.low.q10.option_c.response,妳現在才裝正經？,妳現在才裝正經？,,,,,,,,,
quiz.passenger_b.mid.q01.stem,他看妳的眼神變深。,他看妳的眼神變深。,,,,,,,,,
quiz.passenger_b.mid.q01.option_a.text,你看我的眼神，不像看人，像看終於靠近的獵物。,你看我的眼神，不像看人，像看終於靠近的獵物。,,,,,,,,,
quiz.passenger_b.mid.q01.option_a.response,妳終於說對了。,妳終於說對了。,,,,,,,,,
quiz.passenger_b.mid.q01.option_b.text,你這件毛皮大衣，像警告牌。,你這件毛皮大衣，像警告牌。,,,,,,,,,
quiz.passenger_b.mid.q01.option_b.response,警告誰？,警告誰？,,,,,,,,,
quiz.passenger_b.mid.q01.option_c.text,你只是裝得很強吧？,你只是裝得很強吧？,,,,,,,,,
quiz.passenger_b.mid.q01.option_c.response,拙劣。,拙劣。,,,,,,,,,
quiz.passenger_b.mid.q02.stem,「妳確定現在還是妳在誘惑我？」,「妳確定現在還是妳在誘惑我？」,,,,,,,,,
quiz.passenger_b.mid.q02.option_a.text,至少在我承認輸之前，還是。,至少在我承認輸之前，還是。,,,,,,,,,
quiz.passenger_b.mid.q02.option_a.response,我會讓妳承認。,我會讓妳承認。,,,,,,,,,
quiz.passenger_b.mid.q02.option_b.text,你想搶主導權？,你想搶主導權？,,,,,,,,,
quiz.passenger_b.mid.q02.option_b.response,不是想，是開始了。,不是想，是開始了。,,,,,,,,,
quiz.passenger_b.mid.q02.option_c.text,我只是開車。,我只是開車。,,,,,,,,,
quiz.passenger_b.mid.q02.option_c.response,太晚了。,太晚了。,,,,,,,,,
quiz.passenger_b.mid.q03.stem,車廂像變成私人空間。,車廂像變成私人空間。,,,,,,,,,
quiz.passenger_b.mid.q03.option_a.text,這台車現在像你的籠子，還是我的？,這台車現在像你的籠子，還是我的？,,,,,,,,,
quiz.passenger_b.mid.q03.option_a.response,看誰先露出破綻。,看誰先露出破綻。,,,,,,,,,
quiz.passenger_b.mid.q03.option_b.text,你是不是喜歡獵物自己走近？,你是不是喜歡獵物自己走近？,,,,,,,,,
quiz.passenger_b.mid.q03.option_b.response,那才有價值。,那才有價值。,,,,,,,,,
quiz.passenger_b.mid.q03.option_c.text,我有點怕。,我有點怕。,,,,,,,,,
quiz.passenger_b.mid.q03.option_c.response,怕就別再引我。,怕就別再引我。,,,,,,,,,
quiz.passenger_b.mid.q04.stem,「妳知道自己在引出什麼嗎？」,「妳知道自己在引出什麼嗎？」,,,,,,,,,
quiz.passenger_b.mid.q04.option_a.text,知道，所以我才沒踩煞車。,知道，所以我才沒踩煞車。,,,,,,,,,
quiz.passenger_b.mid.q04.option_a.response,很好。,很好。,,,,,,,,,
quiz.passenger_b.mid.q04.option_b.text,不知道，但我想看。,不知道，但我想看。,,,,,,,,,
quiz.passenger_b.mid.q04.option_b.response,無知有時很誘人。,無知有時很誘人。,,,,,,,,,
quiz.passenger_b.mid.q04.option_c.text,那我不問了。,那我不問了。,,,,,,,,,
quiz.passenger_b.mid.q04.option_c.response,膽子太小。,膽子太小。,,,,,,,,,
quiz.passenger_b.mid.q05.stem,他似乎享受妳的挑釁。,他似乎享受妳的挑釁。,,,,,,,,,
quiz.passenger_b.mid.q05.option_a.text,你不是想被誘惑，你想看我怎麼輸。,你不是想被誘惑，你想看我怎麼輸。,,,,,,,,,
quiz.passenger_b.mid.q05.option_a.response,準確。,準確。,,,,,,,,,
quiz.passenger_b.mid.q05.option_b.text,你喜歡我反抗，對吧？,你喜歡我反抗，對吧？,,,,,,,,,
quiz.passenger_b.mid.q05.option_b.response,比順從有趣。,比順從有趣。,,,,,,,,,
quiz.passenger_b.mid.q05.option_c.text,你很難搞。,你很難搞。,,,,,,,,,
quiz.passenger_b.mid.q05.option_c.response,那是妳能力不足。,那是妳能力不足。,,,,,,,,,
quiz.passenger_b.mid.q06.stem,「妳憑什麼覺得能勾起我的興趣？」,「妳憑什麼覺得能勾起我的興趣？」,,,,,,,,,
quiz.passenger_b.mid.q06.option_a.text,因為你現在還在跟我說話。,因為你現在還在跟我說話。,,,,,,,,,
quiz.passenger_b.mid.q06.option_a.response,漂亮的反擊。,漂亮的反擊。,,,,,,,,,
quiz.passenger_b.mid.q06.option_b.text,因為你已經在等我下一句。,因為你已經在等我下一句。,,,,,,,,,
quiz.passenger_b.mid.q06.option_b.response,妳很敢。,妳很敢。,,,,,,,,,
quiz.passenger_b.mid.q06.option_c.text,因為我是魅魔。,因為我是魅魔。,,,,,,,,,
quiz.passenger_b.mid.q06.option_c.response,頭銜不能證明價值。,頭銜不能證明價值。,,,,,,,,,
quiz.passenger_b.mid.q07.stem,他手指拂過大衣。,他手指拂過大衣。,,,,,,,,,
quiz.passenger_b.mid.q07.option_a.text,你穿著獸皮，卻像是在等誰扯開你的紳士外殼。,你穿著獸皮，卻像是在等誰扯開你的紳士外殼。,,,,,,,,,
quiz.passenger_b.mid.q07.option_a.response,繼續說。,繼續說。,,,,,,,,,
quiz.passenger_b.mid.q07.option_b.text,這件衣服讓你看起來更像獵人。,這件衣服讓你看起來更像獵人。,,,,,,,,,
quiz.passenger_b.mid.q07.option_b.response,我本來就是。,我本來就是。,,,,,,,,,
quiz.passenger_b.mid.q07.option_c.text,毛很多，挺暖的。,毛很多，挺暖的。,,,,,,,,,
quiz.passenger_b.mid.q07.option_c.response,……,……,,,,,,,,,
quiz.passenger_b.mid.q08.stem,「如果我把妳當獵物，妳會逃嗎？」,「如果我把妳當獵物，妳會逃嗎？」,,,,,,,,,
quiz.passenger_b.mid.q08.option_a.text,會，但不一定是往外逃。,會，但不一定是往外逃。,,,,,,,,,
quiz.passenger_b.mid.q08.option_a.response,很好。,很好。,,,,,,,,,
quiz.passenger_b.mid.q08.option_b.text,我會先看你追不追得上。,我會先看你追不追得上。,,,,,,,,,
quiz.passenger_b.mid.q08.option_b.response,妳想被追。,妳想被追。,,,,,,,,,
quiz.passenger_b.mid.q08.option_c.text,我不喜歡這種說法。,我不喜歡這種說法。,,,,,,,,,
quiz.passenger_b.mid.q08.option_c.response,那就別碰我的本性。,那就別碰我的本性。,,,,,,,,,
quiz.passenger_b.mid.q09.stem,妳發現自己節奏被帶走。,妳發現自己節奏被帶走。,,,,,,,,,
quiz.passenger_b.mid.q09.option_a.text,糟了，我好像真的引到不該引的東西。,糟了，我好像真的引到不該引的東西。,,,,,,,,,
quiz.passenger_b.mid.q09.option_a.response,現在才發現？,現在才發現？,,,,,,,,,
quiz.passenger_b.mid.q09.option_b.text,你是不是在等我害怕？,你是不是在等我害怕？,,,,,,,,,
quiz.passenger_b.mid.q09.option_b.response,我在等妳承認。,我在等妳承認。,,,,,,,,,
quiz.passenger_b.mid.q09.option_c.text,我們換話題吧。,我們換話題吧。,,,,,,,,,
quiz.passenger_b.mid.q09.option_c.response,不准逃。,不准逃。,,,,,,,,,
quiz.passenger_b.mid.q10.stem,他傾身靠近。,他傾身靠近。,,,,,,,,,
quiz.passenger_b.mid.q10.option_a.text,你再靠近，我可不保證還能裝從容。,你再靠近，我可不保證還能裝從容。,,,,,,,,,
quiz.passenger_b.mid.q10.option_a.response,那就別裝。,那就別裝。,,,,,,,,,
quiz.passenger_b.mid.q10.option_b.text,現在誰才是被載走的人？,現在誰才是被載走的人？,,,,,,,,,
quiz.passenger_b.mid.q10.option_b.response,問得好。,問得好。,,,,,,,,,
quiz.passenger_b.mid.q10.option_c.text,請坐好。,請坐好。,,,,,,,,,
quiz.passenger_b.mid.q10.option_c.response,命令我？,命令我？,,,,,,,,,
quiz.passenger_b.high.q01.stem,妳已經感覺局勢反轉。,妳已經感覺局勢反轉。,,,,,,,,,
quiz.passenger_b.high.q01.option_a.text,如果我不是獵人，而是故意走進來的獵物呢？,如果我不是獵人，而是故意走進來的獵物呢？,,,,,,,,,
quiz.passenger_b.high.q01.option_a.response,那妳比我想像中更有趣。,那妳比我想像中更有趣。,,,,,,,,,
quiz.passenger_b.high.q01.option_b.text,你是想被我誘惑，還是想反過來馴服我？,你是想被我誘惑，還是想反過來馴服我？,,,,,,,,,
quiz.passenger_b.high.q01.option_b.response,終於問到核心。,終於問到核心。,,,,,,,,,
quiz.passenger_b.high.q01.option_c.text,今晚照我的節奏。,今晚照我的節奏。,,,,,,,,,
quiz.passenger_b.high.q01.option_c.response,妳還有節奏嗎？,妳還有節奏嗎？,,,,,,,,,
quiz.passenger_b.high.q02.stem,「如果我要妳求我停下，妳會後悔挑釁嗎？」,「如果我要妳求我停下，妳會後悔挑釁嗎？」,,,,,,,,,
quiz.passenger_b.high.q02.option_a.text,我只後悔沒更早看見你這一面。,我只後悔沒更早看見你這一面。,,,,,,,,,
quiz.passenger_b.high.q02.option_a.response,嘴硬得漂亮。,嘴硬得漂亮。,,,,,,,,,
quiz.passenger_b.high.q02.option_b.text,你可以試試，能不能讓我求饒。,你可以試試，能不能讓我求饒。,,,,,,,,,
quiz.passenger_b.high.q02.option_b.response,這句話我收下。,這句話我收下。,,,,,,,,,
quiz.passenger_b.high.q02.option_c.text,我會停在安全線前。,我會停在安全線前。,,,,,,,,,
quiz.passenger_b.high.q02.option_c.response,安全線是給弱者的。,安全線是給弱者的。,,,,,,,,,
quiz.passenger_b.high.q03.stem,他盯著妳的背影。,他盯著妳的背影。,,,,,,,,,
quiz.passenger_b.high.q03.option_a.text,你一直看我背後，是在想怎麼把我按進你的節奏裡嗎？,你一直看我背後，是在想怎麼把我按進你的節奏裡嗎？,,,,,,,,,
quiz.passenger_b.high.q03.option_a.response,妳開始懂了。,妳開始懂了。,,,,,,,,,
quiz.passenger_b.high.q03.option_b.text,你喜歡從後面看獵物無處可逃？,你喜歡從後面看獵物無處可逃？,,,,,,,,,
quiz.passenger_b.high.q03.option_b.response,非常準確。,非常準確。,,,,,,,,,
quiz.passenger_b.high.q03.option_c.text,別看了。,別看了。,,,,,,,,,
quiz.passenger_b.high.q03.option_c.response,那就別露出破綻。,那就別露出破綻。,,,,,,,,,
quiz.passenger_b.high.q04.stem,「轉過去。妳不是想知道我的本性嗎？」,「轉過去。妳不是想知道我的本性嗎？」,,,,,,,,,
quiz.passenger_b.high.q04.option_a.text,命令得真自然……我差點照做。,命令得真自然……我差點照做。,,,,,,,,,
quiz.passenger_b.high.q04.option_a.response,不是差點。,不是差點。,,,,,,,,,
quiz.passenger_b.high.q04.option_b.text,你已經不打算當乘客了？,你已經不打算當乘客了？,,,,,,,,,
quiz.passenger_b.high.q04.option_b.response,我從來不是。,我從來不是。,,,,,,,,,
quiz.passenger_b.high.q04.option_c.text,不行，我還在開車。,不行，我還在開車。,,,,,,,,,
quiz.passenger_b.high.q04.option_c.response,那就找個地方停下。,那就找個地方停下。,,,,,,,,,
quiz.passenger_b.high.q05.stem,車速放慢。,車速放慢。,,,,,,,,,
quiz.passenger_b.high.q05.option_a.text,如果我停車，你會讓我後悔，還是讓我求饒？,如果我停車，你會讓我後悔，還是讓我求饒？,,,,,,,,,
quiz.passenger_b.high.q05.option_a.response,兩個都會。,兩個都會。,,,,,,,,,
quiz.passenger_b.high.q05.option_b.text,我好像不該把你帶到這一步。,我好像不該把你帶到這一步。,,,,,,,,,
quiz.passenger_b.high.q05.option_b.response,太晚了。,太晚了。,,,,,,,,,
quiz.passenger_b.high.q05.option_c.text,你冷靜一點。,你冷靜一點。,,,,,,,,,
quiz.passenger_b.high.q05.option_c.response,妳引出來的東西，自己收拾。,妳引出來的東西，自己收拾。,,,,,,,,,
quiz.passenger_b.high.q06.stem,「妳剛剛的自信呢？」,「妳剛剛的自信呢？」,,,,,,,,,
quiz.passenger_b.high.q06.option_a.text,被你吃掉一半了，剩下的還想掙扎。,被你吃掉一半了，剩下的還想掙扎。,,,,,,,,,
quiz.passenger_b.high.q06.option_a.response,掙扎很好。,掙扎很好。,,,,,,,,,
quiz.passenger_b.high.q06.option_b.text,還在，只是換成期待。,還在，只是換成期待。,,,,,,,,,
quiz.passenger_b.high.q06.option_b.response,聰明。,聰明。,,,,,,,,,
quiz.passenger_b.high.q06.option_c.text,沒有了。,沒有了。,,,,,,,,,
quiz.passenger_b.high.q06.option_c.response,太快投降就無趣。,太快投降就無趣。,,,,,,,,,
quiz.passenger_b.high.q07.stem,妳開始被他的氣勢壓住。,妳開始被他的氣勢壓住。,,,,,,,,,
quiz.passenger_b.high.q07.option_a.text,我承認，我想看你失控，也想被你弄到後悔。,我承認，我想看你失控，也想被你弄到後悔。,,,,,,,,,
quiz.passenger_b.high.q07.option_a.response,這才像真話。,這才像真話。,,,,,,,,,
quiz.passenger_b.high.q07.option_b.text,你再靠近，我可能真的會求你慢一點。,你再靠近，我可能真的會求你慢一點。,,,,,,,,,
quiz.passenger_b.high.q07.option_b.response,我不保證會聽。,我不保證會聽。,,,,,,,,,
quiz.passenger_b.high.q07.option_c.text,我只是開玩笑。,我只是開玩笑。,,,,,,,,,
quiz.passenger_b.high.q07.option_c.response,妳已經沒有開玩笑的餘地。,妳已經沒有開玩笑的餘地。,,,,,,,,,
quiz.passenger_b.high.q08.stem,「妳知道獵物最適合什麼姿勢嗎？」,「妳知道獵物最適合什麼姿勢嗎？」,,,,,,,,,
quiz.passenger_b.high.q08.option_a.text,背對獵人，還假裝自己能逃。,背對獵人，還假裝自己能逃。,,,,,,,,,
quiz.passenger_b.high.q08.option_a.response,正解。,正解。,,,,,,,,,
quiz.passenger_b.high.q08.option_b.text,讓獵人看見她終於服軟的樣子。,讓獵人看見她終於服軟的樣子。,,,,,,,,,
quiz.passenger_b.high.q08.option_b.response,妳很適合這個答案。,妳很適合這個答案。,,,,,,,,,
quiz.passenger_b.high.q08.option_c.text,我不知道。,我不知道。,,,,,,,,,
quiz.passenger_b.high.q08.option_c.response,那我教妳。,那我教妳。,,,,,,,,,
quiz.passenger_b.high.q09.stem,妳終於停車。,妳終於停車。,,,,,,,,,
quiz.passenger_b.high.q09.option_a.text,好了，獵場交給你。你要怎麼處理我？,好了，獵場交給你。你要怎麼處理我？,,,,,,,,,
quiz.passenger_b.high.q09.option_a.response,先讓妳明白誰是獵人。,先讓妳明白誰是獵人。,,,,,,,,,
quiz.passenger_b.high.q09.option_b.text,如果我求饒，你會停嗎？,如果我求饒，你會停嗎？,,,,,,,,,
quiz.passenger_b.high.q09.option_b.response,看妳求得夠不夠真。,看妳求得夠不夠真。,,,,,,,,,
quiz.passenger_b.high.q09.option_c.text,只是暫停一下。,只是暫停一下。,,,,,,,,,
quiz.passenger_b.high.q09.option_c.response,不是由妳定義。,不是由妳定義。,,,,,,,,,
quiz.passenger_b.high.q10.stem,「最後問一次，還要誘惑我嗎？」,「最後問一次，還要誘惑我嗎？」,,,,,,,,,
quiz.passenger_b.high.q10.option_a.text,不，我要你反過來吞掉我的自信。,不，我要你反過來吞掉我的自信。,,,,,,,,,
quiz.passenger_b.high.q10.option_a.response,很好。,很好。,,,,,,,,,
quiz.passenger_b.high.q10.option_b.text,要，但我知道這次輸的人可能是我。,要，但我知道這次輸的人可能是我。,,,,,,,,,
quiz.passenger_b.high.q10.option_b.response,妳終於學會誠實。,妳終於學會誠實。,,,,,,,,,
quiz.passenger_b.high.q10.option_c.text,不要了。,不要了。,,,,,,,,,
quiz.passenger_b.high.q10.option_c.response,妳現在才想逃？,妳現在才想逃？,,,,,,,,,
quiz.passenger_c.low.q01.stem,他上車後一直很端正。,他上車後一直很端正。,,,,,,,,,
quiz.passenger_c.low.q01.option_a.text,你是不是一直扮演『不能出錯的人』？,你是不是一直扮演『不能出錯的人』？,,,,,,,,,
quiz.passenger_c.low.q01.option_a.response,妳為什麼這樣說？,妳為什麼這樣說？,,,,,,,,,
quiz.passenger_c.low.q01.option_b.text,今天工作很累吧？,今天工作很累吧？,,,,,,,,,
quiz.passenger_c.low.q01.option_b.response,嗯，有一點。,嗯，有一點。,,,,,,,,,
quiz.passenger_c.low.q01.option_c.text,警官也會撐不住嗎？,警官也會撐不住嗎？,,,,,,,,,
quiz.passenger_c.low.q01.option_c.response,這問法不舒服。,這問法不舒服。,,,,,,,,,
quiz.passenger_c.low.q02.stem,「妳是不是很習慣讓人說真心話？」,「妳是不是很習慣讓人說真心話？」,,,,,,,,,
quiz.passenger_c.low.q02.option_a.text,我只是讓人不用一直藏著。,我只是讓人不用一直藏著。,,,,,,,,,
quiz.passenger_c.low.q02.option_a.response,這樣比較容易接受。,這樣比較容易接受。,,,,,,,,,
quiz.passenger_c.low.q02.option_b.text,尤其是像你這種太會忍的人。,尤其是像你這種太會忍的人。,,,,,,,,,
quiz.passenger_c.low.q02.option_b.response,妳看得很細。,妳看得很細。,,,,,,,,,
quiz.passenger_c.low.q02.option_c.text,我很擅長打開防線。,我很擅長打開防線。,,,,,,,,,
quiz.passenger_c.low.q02.option_c.response,聽起來危險。,聽起來危險。,,,,,,,,,
quiz.passenger_c.low.q03.stem,他手放在膝上，姿勢僵硬。,他手放在膝上，姿勢僵硬。,,,,,,,,,
quiz.passenger_c.low.q03.option_a.text,下班了，身體還像在值勤。,下班了，身體還像在值勤。,,,,,,,,,
quiz.passenger_c.low.q03.option_a.response,習慣了。,習慣了。,,,,,,,,,
quiz.passenger_c.low.q03.option_b.text,你連坐車都像在接受檢查。,你連坐車都像在接受檢查。,,,,,,,,,
quiz.passenger_c.low.q03.option_b.response,有那麼明顯嗎？,有那麼明顯嗎？,,,,,,,,,
quiz.passenger_c.low.q03.option_c.text,你太緊繃了。,你太緊繃了。,,,,,,,,,
quiz.passenger_c.low.q03.option_c.response,我知道，不用提醒。,我知道，不用提醒。,,,,,,,,,
quiz.passenger_c.low.q04.stem,他看起來不想主動說話。,他看起來不想主動說話。,,,,,,,,,
quiz.passenger_c.low.q04.option_a.text,不用聊天也可以，我只是會慢慢開。,不用聊天也可以，我只是會慢慢開。,,,,,,,,,
quiz.passenger_c.low.q04.option_a.response,謝謝。,謝謝。,,,,,,,,,
quiz.passenger_c.low.q04.option_b.text,我不急著問你任何事。,我不急著問你任何事。,,,,,,,,,
quiz.passenger_c.low.q04.option_b.response,這樣反而安心。,這樣反而安心。,,,,,,,,,
quiz.passenger_c.low.q04.option_c.text,你不說話很難攻略。,你不說話很難攻略。,,,,,,,,,
quiz.passenger_c.low.q04.option_c.response,攻略？,攻略？,,,,,,,,,
quiz.passenger_c.low.q05.stem,「我看起來很奇怪嗎？」,「我看起來很奇怪嗎？」,,,,,,,,,
quiz.passenger_c.low.q05.option_a.text,不奇怪，只是太努力維持正常。,不奇怪，只是太努力維持正常。,,,,,,,,,
quiz.passenger_c.low.q05.option_a.response,……這樣說很溫柔。,……這樣說很溫柔。,,,,,,,,,
quiz.passenger_c.low.q05.option_b.text,看起來很累，但很漂亮。,看起來很累，但很漂亮。,,,,,,,,,
quiz.passenger_c.low.q05.option_b.response,不要這樣形容我。,不要這樣形容我。,,,,,,,,,
quiz.passenger_c.low.q05.option_c.text,有一點。,有一點。,,,,,,,,,
quiz.passenger_c.low.q05.option_c.response,我明白了。,我明白了。,,,,,,,,,
quiz.passenger_c.low.q06.stem,他提醒妳按路線行駛。,他提醒妳按路線行駛。,,,,,,,,,
quiz.passenger_c.low.q06.option_a.text,你很習慣照規矩走。,你很習慣照規矩走。,,,,,,,,,
quiz.passenger_c.low.q06.option_a.response,這樣比較安全。,這樣比較安全。,,,,,,,,,
quiz.passenger_c.low.q06.option_b.text,如果今晚稍微繞路，你會不安嗎？,如果今晚稍微繞路，你會不安嗎？,,,,,,,,,
quiz.passenger_c.low.q06.option_b.response,會。,會。,,,,,,,,,
quiz.passenger_c.low.q06.option_c.text,規矩很無聊。,規矩很無聊。,,,,,,,,,
quiz.passenger_c.low.q06.option_c.response,不，我需要它。,不，我需要它。,,,,,,,,,
quiz.passenger_c.low.q07.stem,他閉眼休息。,他閉眼休息。,,,,,,,,,
quiz.passenger_c.low.q07.option_a.text,你可以放心，我不會突然越線。,你可以放心，我不會突然越線。,,,,,,,,,
quiz.passenger_c.low.q07.option_a.response,謝謝，這很重要。,謝謝，這很重要。,,,,,,,,,
quiz.passenger_c.low.q07.option_b.text,要是累了，可以把防備放下一點。,要是累了，可以把防備放下一點。,,,,,,,,,
quiz.passenger_c.low.q07.option_b.response,我試試。,我試試。,,,,,,,,,
quiz.passenger_c.low.q07.option_c.text,睡著的話我就惡作劇。,睡著的話我就惡作劇。,,,,,,,,,
quiz.passenger_c.low.q07.option_c.response,請不要。,請不要。,,,,,,,,,
quiz.passenger_c.low.q08.stem,「妳為什麼一直用那種語氣說話？」,「妳為什麼一直用那種語氣說話？」,,,,,,,,,
quiz.passenger_c.low.q08.option_a.text,因為你需要有人慢慢靠近，而不是闖進去。,因為你需要有人慢慢靠近，而不是闖進去。,,,,,,,,,
quiz.passenger_c.low.q08.option_a.response,……妳說得很準。,……妳說得很準。,,,,,,,,,
quiz.passenger_c.low.q08.option_b.text,因為你反應很可愛。,因為你反應很可愛。,,,,,,,,,
quiz.passenger_c.low.q08.option_b.response,別這樣說。,別這樣說。,,,,,,,,,
quiz.passenger_c.low.q08.option_c.text,職業習慣。,職業習慣。,,,,,,,,,
quiz.passenger_c.low.q08.option_c.response,妳也是職業病嗎？,妳也是職業病嗎？,,,,,,,,,
quiz.passenger_c.low.q09.stem,他整理衣領。,他整理衣領。,,,,,,,,,
quiz.passenger_c.low.q09.option_a.text,你穿得很中性，但氣質比很多人更銳利。,你穿得很中性，但氣質比很多人更銳利。,,,,,,,,,
quiz.passenger_c.low.q09.option_a.response,這算稱讚嗎？,這算稱讚嗎？,,,,,,,,,
quiz.passenger_c.low.q09.option_b.text,你很適合被慢慢看穿。,你很適合被慢慢看穿。,,,,,,,,,
quiz.passenger_c.low.q09.option_b.response,這句話很危險。,這句話很危險。,,,,,,,,,
quiz.passenger_c.low.q09.option_c.text,你這樣打扮是為了什麼？,你這樣打扮是為了什麼？,,,,,,,,,
quiz.passenger_c.low.q09.option_c.response,我不想解釋。,我不想解釋。,,,,,,,,,
quiz.passenger_c.low.q10.stem,氣氛開始柔和。,氣氛開始柔和。,,,,,,,,,
quiz.passenger_c.low.q10.option_a.text,你今晚不用一直保持完美。,你今晚不用一直保持完美。,,,,,,,,,
quiz.passenger_c.low.q10.option_a.response,我可以嗎？,我可以嗎？,,,,,,,,,
quiz.passenger_c.low.q10.option_b.text,如果你想放鬆，我會慢慢帶你。,如果你想放鬆，我會慢慢帶你。,,,,,,,,,
quiz.passenger_c.low.q10.option_b.response,……慢慢的話，可以。,……慢慢的話，可以。,,,,,,,,,
quiz.passenger_c.low.q10.option_c.text,快點放鬆吧。,快點放鬆吧。,,,,,,,,,
quiz.passenger_c.low.q10.option_c.response,我做不到。,我做不到。,,,,,,,,,
quiz.passenger_c.mid.q01.stem,他開始願意回話。,他開始願意回話。,,,,,,,,,
quiz.passenger_c.mid.q01.option_a.text,今晚不照規矩一次，會讓你害怕嗎？,今晚不照規矩一次，會讓你害怕嗎？,,,,,,,,,
quiz.passenger_c.mid.q01.option_a.response,會，但也想知道。,會，但也想知道。,,,,,,,,,
quiz.passenger_c.mid.q01.option_b.text,你不用馬上回答，只要照感覺。,你不用馬上回答，只要照感覺。,,,,,,,,,
quiz.passenger_c.mid.q01.option_b.response,比較能呼吸。,比較能呼吸。,,,,,,,,,
quiz.passenger_c.mid.q01.option_c.text,你一直這麼壓抑，不累嗎？,你一直這麼壓抑，不累嗎？,,,,,,,,,
quiz.passenger_c.mid.q01.option_c.response,我不喜歡這樣被說。,我不喜歡這樣被說。,,,,,,,,,
quiz.passenger_c.mid.q02.stem,「如果我真的放鬆，妳會怎麼看我？」,「如果我真的放鬆，妳會怎麼看我？」,,,,,,,,,
quiz.passenger_c.mid.q02.option_a.text,我會覺得你終於把自己還給自己。,我會覺得你終於把自己還給自己。,,,,,,,,,
quiz.passenger_c.mid.q02.option_a.response,這句犯規。,這句犯規。,,,,,,,,,
quiz.passenger_c.mid.q02.option_b.text,我會覺得你更真實。,我會覺得你更真實。,,,,,,,,,
quiz.passenger_c.mid.q02.option_b.response,真實……很久沒想過。,真實……很久沒想過。,,,,,,,,,
quiz.passenger_c.mid.q02.option_c.text,我會覺得你終於輸了。,我會覺得你終於輸了。,,,,,,,,,
quiz.passenger_c.mid.q02.option_c.response,我不想被這樣定義。,我不想被這樣定義。,,,,,,,,,
quiz.passenger_c.mid.q03.stem,他明顯想問卻不敢問。,他明顯想問卻不敢問。,,,,,,,,,
quiz.passenger_c.mid.q03.option_a.text,你可以好奇，不代表你壞掉了。,你可以好奇，不代表你壞掉了。,,,,,,,,,
quiz.passenger_c.mid.q03.option_a.response,……真的嗎？,……真的嗎？,,,,,,,,,
quiz.passenger_c.mid.q03.option_b.text,你想試試看，但怕承認，對嗎？,你想試試看，但怕承認，對嗎？,,,,,,,,,
quiz.passenger_c.mid.q03.option_b.response,妳太直接了。,妳太直接了。,,,,,,,,,
quiz.passenger_c.mid.q03.option_c.text,你其實很想要吧？,你其實很想要吧？,,,,,,,,,
quiz.passenger_c.mid.q03.option_c.response,請不要逼我。,請不要逼我。,,,,,,,,,
quiz.passenger_c.mid.q04.stem,他開始鬆開肩膀。,他開始鬆開肩膀。,,,,,,,,,
quiz.passenger_c.mid.q04.option_a.text,你背了太多不屬於今晚的重量。,你背了太多不屬於今晚的重量。,,,,,,,,,
quiz.passenger_c.mid.q04.option_a.response,聽起來很想哭。,聽起來很想哭。,,,,,,,,,
quiz.passenger_c.mid.q04.option_b.text,我可以幫你把那些規矩一條一條放下。,我可以幫你把那些規矩一條一條放下。,,,,,,,,,
quiz.passenger_c.mid.q04.option_b.response,慢慢來的話……,慢慢來的話……,,,,,,,,,
quiz.passenger_c.mid.q04.option_c.text,全部丟掉就好。,全部丟掉就好。,,,,,,,,,
quiz.passenger_c.mid.q04.option_c.response,我做不到。,我做不到。,,,,,,,,,
quiz.passenger_c.mid.q05.stem,「如果我不像平常的自己，會很奇怪嗎？」,「如果我不像平常的自己，會很奇怪嗎？」,,,,,,,,,
quiz.passenger_c.mid.q05.option_a.text,不會，那可能才是你真正喘氣的樣子。,不會，那可能才是你真正喘氣的樣子。,,,,,,,,,
quiz.passenger_c.mid.q05.option_a.response,妳真的很會說。,妳真的很會說。,,,,,,,,,
quiz.passenger_c.mid.q05.option_b.text,我會陪你確認哪裡舒服、哪裡不行。,我會陪你確認哪裡舒服、哪裡不行。,,,,,,,,,
quiz.passenger_c.mid.q05.option_b.response,這樣我比較安心。,這樣我比較安心。,,,,,,,,,
quiz.passenger_c.mid.q05.option_c.text,奇怪也沒關係，很刺激。,奇怪也沒關係，很刺激。,,,,,,,,,
quiz.passenger_c.mid.q05.option_c.response,我不想被當成刺激。,我不想被當成刺激。,,,,,,,,,
quiz.passenger_c.mid.q06.stem,他有點害羞。,他有點害羞。,,,,,,,,,
quiz.passenger_c.mid.q06.option_a.text,你不需要符合任何一種樣子，今晚只要像你自己。,你不需要符合任何一種樣子，今晚只要像你自己。,,,,,,,,,
quiz.passenger_c.mid.q06.option_a.response,這很難，但我想試。,這很難，但我想試。,,,,,,,,,
quiz.passenger_c.mid.q06.option_b.text,你這種乾淨又緊繃的樣子，真的很適合被慢慢弄亂。,你這種乾淨又緊繃的樣子，真的很適合被慢慢弄亂。,,,,,,,,,
quiz.passenger_c.mid.q06.option_b.response,妳別說得那麼……,妳別說得那麼……,,,,,,,,,
quiz.passenger_c.mid.q06.option_c.text,你應該更像男人一點。,你應該更像男人一點。,,,,,,,,,
quiz.passenger_c.mid.q06.option_c.response,請停。,請停。,,,,,,,,,
quiz.passenger_c.mid.q07.stem,他看見車內某個小盒子。,他看見車內某個小盒子。,,,,,,,,,
quiz.passenger_c.mid.q07.option_a.text,別緊張，那是用來讓人放鬆的道具。,別緊張，那是用來讓人放鬆的道具。,,,,,,,,,
quiz.passenger_c.mid.q07.option_a.response,道具……？,道具……？,,,,,,,,,
quiz.passenger_c.mid.q07.option_b.text,你如果好奇，我會一步一步說明。,你如果好奇，我會一步一步說明。,,,,,,,,,
quiz.passenger_c.mid.q07.option_b.response,一步一步的話，可以聽。,一步一步的話，可以聽。,,,,,,,,,
quiz.passenger_c.mid.q07.option_c.text,想試嗎？,想試嗎？,,,,,,,,,
quiz.passenger_c.mid.q07.option_c.response,太突然了。,太突然了。,,,,,,,,,
quiz.passenger_c.mid.q08.stem,「我可以中途說停嗎？」,「我可以中途說停嗎？」,,,,,,,,,
quiz.passenger_c.mid.q08.option_a.text,當然，你說停就停。,當然，你說停就停。,,,,,,,,,
quiz.passenger_c.mid.q08.option_a.response,那我比較敢繼續。,那我比較敢繼續。,,,,,,,,,
quiz.passenger_c.mid.q08.option_b.text,你也可以只說慢一點。,你也可以只說慢一點。,,,,,,,,,
quiz.passenger_c.mid.q08.option_b.response,這樣更容易開口。,這樣更容易開口。,,,,,,,,,
quiz.passenger_c.mid.q08.option_c.text,都到這裡了，不要停吧。,都到這裡了，不要停吧。,,,,,,,,,
quiz.passenger_c.mid.q08.option_c.response,不行，這會讓我害怕。,不行，這會讓我害怕。,,,,,,,,,
quiz.passenger_c.mid.q09.stem,他開始主動看妳。,他開始主動看妳。,,,,,,,,,
quiz.passenger_c.mid.q09.option_a.text,你剛剛的眼神不像警戒，比較像期待。,你剛剛的眼神不像警戒，比較像期待。,,,,,,,,,
quiz.passenger_c.mid.q09.option_a.response,……被妳看出來了。,……被妳看出來了。,,,,,,,,,
quiz.passenger_c.mid.q09.option_b.text,不用急著承認，我看得見就好。,不用急著承認，我看得見就好。,,,,,,,,,
quiz.passenger_c.mid.q09.option_b.response,這樣更害羞。,這樣更害羞。,,,,,,,,,
quiz.passenger_c.mid.q09.option_c.text,承認吧。,承認吧。,,,,,,,,,
quiz.passenger_c.mid.q09.option_c.response,不要逼我。,不要逼我。,,,,,,,,,
quiz.passenger_c.mid.q10.stem,「如果我想再往前一點，妳會帶我嗎？」,「如果我想再往前一點，妳會帶我嗎？」,,,,,,,,,
quiz.passenger_c.mid.q10.option_a.text,會，而且會讓你知道每一步都可以回頭。,會，而且會讓你知道每一步都可以回頭。,,,,,,,,,
quiz.passenger_c.mid.q10.option_a.response,那我想試。,那我想試。,,,,,,,,,
quiz.passenger_c.mid.q10.option_b.text,會，但你要自己說願意。,會，但你要自己說願意。,,,,,,,,,
quiz.passenger_c.mid.q10.option_b.response,我……願意。,我……願意。,,,,,,,,,
quiz.passenger_c.mid.q10.option_c.text,你確定自己可以？,你確定自己可以？,,,,,,,,,
quiz.passenger_c.mid.q10.option_c.response,我又不確定了。,我又不確定了。,,,,,,,,,
quiz.passenger_c.high.q01.stem,他已經願意繼續。,他已經願意繼續。,,,,,,,,,
quiz.passenger_c.high.q01.option_a.text,如果我用小玩具慢慢教你放鬆，你願意把身體交給感覺嗎？,如果我用小玩具慢慢教你放鬆，你願意把身體交給感覺嗎？,,,,,,,,,
quiz.passenger_c.high.q01.option_a.response,慢慢的話……我願意。,慢慢的話……我願意。,,,,,,,,,
quiz.passenger_c.high.q01.option_b.text,今晚不用守規矩，只要聽我和自己的反應。,今晚不用守規矩，只要聽我和自己的反應。,,,,,,,,,
quiz.passenger_c.high.q01.option_b.response,這樣太誘人了。,這樣太誘人了。,,,,,,,,,
quiz.passenger_c.high.q01.option_c.text,直接開始吧。,直接開始吧。,,,,,,,,,
quiz.passenger_c.high.q01.option_c.response,等等，我會緊張。,等等，我會緊張。,,,,,,,,,
quiz.passenger_c.high.q02.stem,「如果我說想繼續，但又有點害怕，可以嗎？」,「如果我說想繼續，但又有點害怕，可以嗎？」,,,,,,,,,
quiz.passenger_c.high.q02.option_a.text,可以，害怕也能一起帶著走。,可以，害怕也能一起帶著走。,,,,,,,,,
quiz.passenger_c.high.q02.option_a.response,妳真的很會讓人安心。,妳真的很會讓人安心。,,,,,,,,,
quiz.passenger_c.high.q02.option_b.text,你只要告訴我哪裡停，我就停。,你只要告訴我哪裡停，我就停。,,,,,,,,,
quiz.passenger_c.high.q02.option_b.response,那我想再往前。,那我想再往前。,,,,,,,,,
quiz.passenger_c.high.q02.option_c.text,怕就代表還沒準備好。,怕就代表還沒準備好。,,,,,,,,,
quiz.passenger_c.high.q02.option_c.response,也許吧，但有點失落。,也許吧，但有點失落。,,,,,,,,,
quiz.passenger_c.high.q03.stem,他呼吸變軟。,他呼吸變軟。,,,,,,,,,
quiz.passenger_c.high.q03.option_a.text,我想看你被一點點弄亂，卻知道自己一直是安全的。,我想看你被一點點弄亂，卻知道自己一直是安全的。,,,,,,,,,
quiz.passenger_c.high.q03.option_a.response,這句話太犯規了。,這句話太犯規了。,,,,,,,,,
quiz.passenger_c.high.q03.option_b.text,我會讓你知道，失控不一定可怕，也可以很舒服。,我會讓你知道，失控不一定可怕，也可以很舒服。,,,,,,,,,
quiz.passenger_c.high.q03.option_b.response,妳說得我更想試了。,妳說得我更想試了。,,,,,,,,,
quiz.passenger_c.high.q03.option_c.text,你失控的樣子一定很好看。,你失控的樣子一定很好看。,,,,,,,,,
quiz.passenger_c.high.q03.option_c.response,這樣說有點壓力。,這樣說有點壓力。,,,,,,,,,
quiz.passenger_c.high.q04.stem,小玩具開關在妳手中。,小玩具開關在妳手中。,,,,,,,,,
quiz.passenger_c.high.q04.option_a.text,我會從最輕的開始，讓你自己告訴我要不要加深。,我會從最輕的開始，讓你自己告訴我要不要加深。,,,,,,,,,
quiz.passenger_c.high.q04.option_a.response,我可以說慢一點嗎？,我可以說慢一點嗎？,,,,,,,,,
quiz.passenger_c.high.q04.option_b.text,你只要看著我，其他交給這個小東西。,你只要看著我，其他交給這個小東西。,,,,,,,,,
quiz.passenger_c.high.q04.option_b.response,這樣太羞恥了……,這樣太羞恥了……,,,,,,,,,
quiz.passenger_c.high.q04.option_c.text,不准躲。,不准躲。,,,,,,,,,
quiz.passenger_c.high.q04.option_c.response,我會害怕。,我會害怕。,,,,,,,,,
quiz.passenger_c.high.q05.stem,「我這樣是不是很不像警官？」,「我這樣是不是很不像警官？」,,,,,,,,,
quiz.passenger_c.high.q05.option_a.text,現在不用像警官，只要像一個會感覺的人。,現在不用像警官，只要像一個會感覺的人。,,,,,,,,,
quiz.passenger_c.high.q05.option_a.response,我好像快相信了。,我好像快相信了。,,,,,,,,,
quiz.passenger_c.high.q05.option_b.text,你比平常更真實，也更可愛。,你比平常更真實，也更可愛。,,,,,,,,,
quiz.passenger_c.high.q05.option_b.response,不要說可愛……,不要說可愛……,,,,,,,,,
quiz.passenger_c.high.q05.option_c.text,對，很不像。,對，很不像。,,,,,,,,,
quiz.passenger_c.high.q05.option_c.response,……我不喜歡。,……我不喜歡。,,,,,,,,,
quiz.passenger_c.high.q06.stem,他開始主動靠近。,他開始主動靠近。,,,,,,,,,
quiz.passenger_c.high.q06.option_a.text,你一直照規矩活，今晚讓我教你另一種答案。,你一直照規矩活，今晚讓我教你另一種答案。,,,,,,,,,
quiz.passenger_c.high.q06.option_a.response,我想知道。,我想知道。,,,,,,,,,
quiz.passenger_c.high.q06.option_b.text,你的新世界不用一次打開，我只撬開一點縫。,你的新世界不用一次打開，我只撬開一點縫。,,,,,,,,,
quiz.passenger_c.high.q06.option_b.response,這樣我敢看。,這樣我敢看。,,,,,,,,,
quiz.passenger_c.high.q06.option_c.text,我會把你整個打開。,我會把你整個打開。,,,,,,,,,
quiz.passenger_c.high.q06.option_c.response,太快了。,太快了。,,,,,,,,,
quiz.passenger_c.high.q07.stem,他不再退縮。,他不再退縮。,,,,,,,,,
quiz.passenger_c.high.q07.option_a.text,等一下舒服到說不出話，也不用逞強，我會看著你。,等一下舒服到說不出話，也不用逞強，我會看著你。,,,,,,,,,
quiz.passenger_c.high.q07.option_a.response,妳真的什麼都看得出來。,妳真的什麼都看得出來。,,,,,,,,,
quiz.passenger_c.high.q07.option_b.text,想出聲就出聲，今晚沒有勤務報告。,想出聲就出聲，今晚沒有勤務報告。,,,,,,,,,
quiz.passenger_c.high.q07.option_b.response,這句讓我好想放鬆。,這句讓我好想放鬆。,,,,,,,,,
quiz.passenger_c.high.q07.option_c.text,忍住才有趣。,忍住才有趣。,,,,,,,,,
quiz.passenger_c.high.q07.option_c.response,我不想再忍了。,我不想再忍了。,,,,,,,,,
quiz.passenger_c.high.q08.stem,「可以……再多一點嗎？」,「可以……再多一點嗎？」,,,,,,,,,
quiz.passenger_c.high.q08.option_a.text,可以，但你要親口告訴我是哪一種多一點。,可以，但你要親口告訴我是哪一種多一點。,,,,,,,,,
quiz.passenger_c.high.q08.option_a.response,妳好壞……,妳好壞……,,,,,,,,,
quiz.passenger_c.high.q08.option_b.text,可以，我會慢慢加，不讓你掉下去。,可以，我會慢慢加，不讓你掉下去。,,,,,,,,,
quiz.passenger_c.high.q08.option_b.response,我相信妳。,我相信妳。,,,,,,,,,
quiz.passenger_c.high.q08.option_c.text,你終於承認了。,你終於承認了。,,,,,,,,,
quiz.passenger_c.high.q08.option_c.response,別笑我。,別笑我。,,,,,,,,,
quiz.passenger_c.high.q09.stem,車停下，燈光昏暗。,車停下，燈光昏暗。,,,,,,,,,
quiz.passenger_c.high.q09.option_a.text,現在不是勤務時間，我可以把你交給感覺嗎？,現在不是勤務時間，我可以把你交給感覺嗎？,,,,,,,,,
quiz.passenger_c.high.q09.option_a.response,可以……請慢一點。,可以……請慢一點。,,,,,,,,,
quiz.passenger_c.high.q09.option_b.text,你只要抓著我，其他讓我來。,你只要抓著我，其他讓我來。,,,,,,,,,
quiz.passenger_c.high.q09.option_b.response,我會抓很緊。,我會抓很緊。,,,,,,,,,
quiz.passenger_c.high.q09.option_c.text,準備好了吧？,準備好了吧？,,,,,,,,,
quiz.passenger_c.high.q09.option_c.response,還要再問我一次。,還要再問我一次。,,,,,,,,,
quiz.passenger_c.high.q10.stem,「我想繼續，但我想聽妳說我可以。」,「我想繼續，但我想聽妳說我可以。」,,,,,,,,,
quiz.passenger_c.high.q10.option_a.text,你可以。今晚你不用完美，只要誠實。,你可以。今晚你不用完美，只要誠實。,,,,,,,,,
quiz.passenger_c.high.q10.option_a.response,……那我想要。,……那我想要。,,,,,,,,,
quiz.passenger_c.high.q10.option_b.text,可以，而且你不是被逼，是自己走過來的。,可以，而且你不是被逼，是自己走過來的。,,,,,,,,,
quiz.passenger_c.high.q10.option_b.response,對，是我自己想的。,對，是我自己想的。,,,,,,,,,
quiz.passenger_c.high.q10.option_c.text,你早就可以了。,你早就可以了。,,,,,,,,,
quiz.passenger_c.high.q10.option_c.response,這樣太輕描淡寫了。,這樣太輕描淡寫了。,,,,,,,,,
avg.speaker.driver,夜班司機,夜班司機,,,,,,,,,
avg.hcg_001.name,女上騎乘位,女上騎乘位,,,,,,,,,
avg.hcg_002.name,後座仰角-掰屁眼00,後座仰角-掰屁眼00,,,,,,,,,
avg.hcg_003.name,後座仰角-掰屁眼01,後座仰角-掰屁眼01,,,,,,,,,
avg.hcg_004.name,後座仰角-掰屁眼02,後座仰角-掰屁眼02,,,,,,,,,
avg.hcg_005.name,後座向前視角-口交,後座向前視角-口交,,,,,,,,,
avg.hcg_006.name,後座向前視角-口交+乳交,後座向前視角-口交+乳交,,,,,,,,,
avg.hcg_007.name,後座向前視角-乳交,後座向前視角-乳交,,,,,,,,,
avg.hcg_008.name,後座俯角-後入體位,後座俯角-後入體位,,,,,,,,,
avg.hcg_009.name,後座俯角-傳教士,後座俯角-傳教士,,,,,,,,,
avg.hcg_010.name,計程車窗戶-1,計程車窗戶-1,,,,,,,,,
avg.hcg_011.name,計程車窗戶-1-1,計程車窗戶-1-1,,,,,,,,,
avg.hcg_012.name,計程車窗戶-2,計程車窗戶-2,,,,,,,,,
avg.hcg_013.name,計程車窗戶-2-1,計程車窗戶-2-1,,,,,,,,,
avg.hcg_014.name,副駕往後正面視角-火車便當,副駕往後正面視角-火車便當,,,,,,,,,
avg.hcg_015.name,副駕往後正面視角-背後騎乘位,副駕往後正面視角-背後騎乘位,,,,,,,,,
avg.hcg_001.line_001,(測試)暫代對話：女上騎乘位。這段之後會接正式劇情文本。,(測試)(測試)暫代對話：女上騎乘位。這段之後會接正式劇情文本。,,,,,,,,,
avg.hcg_001.line_002,(測試)暫代回應：依照這張 CG 的檔名與圖鑑縮圖先建立對應。,(測試)(測試)暫代回應：依照這張 CG 的檔名與圖鑑縮圖先建立對應。,,,,,,,,,
avg.hcg_002.line_001,(測試)暫代對話：後座仰角-掰屁眼00。HCG 目前沒有 00 檔，先對應同系列 01。,(測試)(測試)暫代對話：後座仰角-掰屁眼00。HCG 目前沒有 00 檔，先對應同系列 01。,,,,,,,,,
avg.hcg_002.line_002,(測試)暫代回應：之後補正式 00 CG 時可直接替換背景路徑。,(測試)(測試)暫代回應：之後補正式 00 CG 時可直接替換背景路徑。,,,,,,,,,
avg.hcg_003.line_001,(測試)暫代對話：後座仰角-掰屁眼01。這段之後會接正式劇情文本。,(測試)(測試)暫代對話：後座仰角-掰屁眼01。這段之後會接正式劇情文本。,,,,,,,,,
avg.hcg_003.line_002,(測試)暫代回應：依照這張 CG 的檔名與圖鑑縮圖先建立對應。,(測試)(測試)暫代回應：依照這張 CG 的檔名與圖鑑縮圖先建立對應。,,,,,,,,,
avg.hcg_004.line_001,(測試)暫代對話：後座仰角-掰屁眼02。這段之後會接正式劇情文本。,(測試)(測試)暫代對話：後座仰角-掰屁眼02。這段之後會接正式劇情文本。,,,,,,,,,
avg.hcg_004.line_002,(測試)暫代回應：依照這張 CG 的檔名與圖鑑縮圖先建立對應。,(測試)暫代回應：依照這張 CG 的檔名與圖鑑縮圖先建立對應。,,,,,,,,,
avg.hcg_005.line_001,(測試)暫代對話：後座向前視角-口交。這段之後會接正式劇情文本。,(測試)暫代對話：後座向前視角-口交。這段之後會接正式劇情文本。,,,,,,,,,
avg.hcg_005.line_002,(測試)暫代回應：依照這張 CG 的檔名與圖鑑縮圖先建立對應。,(測試)暫代回應：依照這張 CG 的檔名與圖鑑縮圖先建立對應。,,,,,,,,,
avg.hcg_006.line_001,(測試)暫代對話：後座向前視角-口交+乳交。這段之後會接正式劇情文本。,(測試)暫代對話：後座向前視角-口交+乳交。這段之後會接正式劇情文本。,,,,,,,,,
avg.hcg_006.line_002,(測試)暫代回應：依照這張 CG 的檔名與圖鑑縮圖先建立對應。,(測試)暫代回應：依照這張 CG 的檔名與圖鑑縮圖先建立對應。,,,,,,,,,
avg.hcg_007.line_001,(測試)暫代對話：後座向前視角-乳交。這段之後會接正式劇情文本。,(測試)暫代對話：後座向前視角-乳交。這段之後會接正式劇情文本。,,,,,,,,,
avg.hcg_007.line_002,(測試)暫代回應：依照這張 CG 的檔名與圖鑑縮圖先建立對應。,(測試)暫代回應：依照這張 CG 的檔名與圖鑑縮圖先建立對應。,,,,,,,,,
avg.hcg_008.line_001,(測試)暫代對話：後座俯角-後入體位。這段之後會接正式劇情文本。,(測試)暫代對話：後座俯角-後入體位。這段之後會接正式劇情文本。,,,,,,,,,
avg.hcg_008.line_002,(測試)暫代回應：依照這張 CG 的檔名與圖鑑縮圖先建立對應。,(測試)暫代回應：依照這張 CG 的檔名與圖鑑縮圖先建立對應。,,,,,,,,,
avg.hcg_009.line_001,(測試)暫代對話：後座俯角-傳教士。這段之後會接正式劇情文本。,(測試)暫代對話：後座俯角-傳教士。這段之後會接正式劇情文本。,,,,,,,,,
avg.hcg_009.line_002,(測試)暫代回應：依照這張 CG 的檔名與圖鑑縮圖先建立對應。,(測試)暫代回應：依照這張 CG 的檔名與圖鑑縮圖先建立對應。,,,,,,,,,
avg.hcg_010.line_001,(測試)暫代對話：計程車窗戶-1。這段之後會接正式劇情文本。,(測試)暫代對話：計程車窗戶-1。這段之後會接正式劇情文本。,,,,,,,,,
avg.hcg_010.line_002,(測試)暫代回應：依照這張 CG 的檔名與圖鑑縮圖先建立對應。,(測試)暫代回應：依照這張 CG 的檔名與圖鑑縮圖先建立對應。,,,,,,,,,
avg.hcg_011.line_001,(測試)暫代對話：計程車窗戶-1-1。這段之後會接正式劇情文本。,(測試)暫代對話：計程車窗戶-1-1。這段之後會接正式劇情文本。,,,,,,,,,
avg.hcg_011.line_002,(測試)暫代回應：依照這張 CG 的檔名與圖鑑縮圖先建立對應。,(測試)暫代回應：依照這張 CG 的檔名與圖鑑縮圖先建立對應。,,,,,,,,,
avg.hcg_012.line_001,(測試)暫代對話：計程車窗戶-2。這段之後會接正式劇情文本。,(測試)暫代對話：計程車窗戶-2。這段之後會接正式劇情文本。,,,,,,,,,
avg.hcg_012.line_002,(測試)暫代回應：依照這張 CG 的檔名與圖鑑縮圖先建立對應。,(測試)暫代回應：依照這張 CG 的檔名與圖鑑縮圖先建立對應。,,,,,,,,,
avg.hcg_013.line_001,(測試)暫代對話：計程車窗戶-2-1。這段之後會接正式劇情文本。,(測試)暫代對話：計程車窗戶-2-1。這段之後會接正式劇情文本。,,,,,,,,,
avg.hcg_013.line_002,(測試)暫代回應：依照這張 CG 的檔名與圖鑑縮圖先建立對應。,(測試)暫代回應：依照這張 CG 的檔名與圖鑑縮圖先建立對應。,,,,,,,,,
avg.hcg_014.line_001,(測試)暫代對話：副駕往後正面視角-火車便當。這段之後會接正式劇情文本。,(測試)暫代對話：副駕往後正面視角-火車便當。這段之後會接正式劇情文本。,,,,,,,,,
avg.hcg_014.line_002,(測試)暫代回應：依照這張 CG 的檔名與圖鑑縮圖先建立對應。,(測試)暫代回應：依照這張 CG 的檔名與圖鑑縮圖先建立對應。,,,,,,,,,
avg.hcg_015.line_001,(測試)暫代對話：副駕往後正面視角-背後騎乘位。這段之後會接正式劇情文本。,(測試)暫代對話：副駕往後正面視角-背後騎乘位。這段之後會接正式劇情文本。,,,,,,,,,
avg.hcg_015.line_002,(測試)暫代回應：依照這張 CG 的檔名與圖鑑縮圖先建立對應。,(測試)暫代回應：依照這張 CG 的檔名與圖鑑縮圖先建立對應。,,,,,,,,,
